2710S26G3.str,DWTR_26G5.str,2023_26G5.str,2026_26G5.str,2587S26G3.str,2711aS26G3.str,eV
0,0,0,0,0,0,20
0,0,0,0,0,0,40
0,0,0,0,0,0,60
0,0,0,0,0,0,80
0,0,0,0,0,0,100
0,0,0,0,0,0,120
0,0,0,0,0,0,140
0,0,0,0,0,0,160
0,0,0,0,0,0,180
0,0,0,0,0,0,200
0,0,0,0,0,0,220
0,0,0,0,0,0,240
0,0,0,0,0,0,260
0,0,0,0,0,0,280
0,0,0,0,0,0,300
0,0,0,0,0,0,320
0,0,0,0,0,0,340
0,0,0,0,0,0,360
0,0,0,0,0,0,380
0,0,0,0,0,0,400
0,0,0,0,0,0,420
0,0,0,0,0,0,440
0,0,0,0,0,0,460
0,0,0,0,0,0,480
0,0,0,0,0,0,500
0,0,0,0,0,0,520
0,0,0,0,0,0,540
0,0,0,0,0,0,560
0,0,0,0,0,0,580
0,0,0,0,0,0,600
268,166,35,27,256,298,620
242,151,41,64,356,288,640
431,197,32,20,306,293,660
275,151,35,27,274,282,680
327,161,47,50,329,293,700
314,174,38,71,288,267,720
418,223,54,50,306,370,740
320,205,32,34,292,385,760
477,223,95,94,402,339,780
425,228,57,64,356,401,800
530,288,85,61,402,421,820
451,278,76,88,393,411,840
418,288,107,108,448,447,860
438,309,114,145,494,488,880
530,394,126,131,466,549,900
595,387,199,172,567,637,920
582,457,170,236,635,606,940
778,537,193,215,622,719,960
647,587,237,323,640,657,980
830,685,275,239,763,801,1000
915,812,303,337,919,1063,1020
1059,797,423,306,1060,1042,1040
1026,978,350,444,987,1006,1060
1040,1064,372,407,1220,1114,1080
1196,1233,467,488,1261,1320,1100
1138,1376,474,522,1284,1469,1120
1497,1684,515,528,1627,1612,1140
1360,1754,546,545,1563,1792,1160
1602,1991,584,643,2011,2054,1180
2007,2411,682,650,2221,2598,1200
2236,2881,698,740,2523,2758,1220
2321,3083,704,680,2884,3117,1240
2870,3626,729,794,3002,3584,1260
3086,4230,764,892,3907,4272,1280
3694,4921,821,902,4241,4837,1300
3982,5487,789,1003,4492,5397,1320
4818,6327,947,1000,5525,6142,1340
5596,7820,915,1212,6832,7518,1360
6871,9224,1004,1269,8203,8899,1380
7688,10280,1064,1471,9387,10270,1400
9709,12120,1364,1733,11037,12324,1420
11618,14163,1506,1996,13532,14907,1440
12945,16550,1654,2127,15374,17536,1460
14239,16909,1714,2305,16740,18158,1480
17227,19353,1711,2504,20661,21778,1500
18626,19930,2039,2804,22608,24700,1520
21039,20506,2115,2891,26026,27514,1540
24111,20298,2210,3053,27859,30215,1560
27890,21666,2399,3369,33082,34025,1580
32205,22084,2494,3726,37131,37913,1600
35729,23189,2759,4288,41985,42190,1620
41188,24718,3087,4799,47322,48419,1640
47092,28746,3491,5648,54018,54674,1660
51688,30900,3930,6294,61138,61395,1680
58402,34661,4530,7260,67942,68975,1700
61442,36179,4858,7253,73143,70767,1720
68372,38694,5240,8623,81588,79189,1740
71085,40129,5698,8286,84166,80996,1760
71334,38196,5903,8852,86259,80123,1780
66189,33859,5739,7849,79619,73894,1800
64129,31289,5830,7896,76127,71240,1820
58317,26613,5657,7051,68797,61447,1840
51008,21879,5521,6287,57801,51962,1860
39756,16774,5461,5806,44960,40264,1880
32460,14012,5827,5712,35893,32587,1900
25099,11617,6395,5664,27224,23755,1920
18227,9424,7169,6253,20551,17762,1940
12964,7682,6762,5765,13980,13084,1960
10997,8100,8318,6903,12074,10625,1980
9146,7770,8810,7118,8774,8761,2000
6982,7879,9454,7711,7394,7466,2020
6054,7747,9394,7391,6357,6142,2040
5570,8027,9994,7536,6160,6301,2060
5498,8214,9467,7367,5557,5833,2080
4956,8222,8488,6758,5361,5433,2100
4799,7700,7406,5981,5027,5017,2120
5080,8637,6822,5456,4730,5007,2140
5028,8982,5862,5217,4858,4853,2160
4903,9442,5196,4746,4762,4632,2180
4720,9543,4697,4500,4419,4324,2200
5060,10794,4296,4046,4858,4729,2220
5492,11827,4347,4079,4890,4473,2240
5623,13247,4337,3945,4465,4519,2260
5407,13613,4303,3941,4849,4391,2280
5544,14910,4577,4072,4625,4596,2300
6472,14754,4719,4254,4858,4498,2320
6355,14838,4606,4012,4748,4668,2340
5891,13366,4615,4227,4250,4355,2360
6139,13309,4804,4473,4721,4729,2380
6309,11643,4669,4520,4675,4765,2400
5845,10135,5035,4618,4753,4519,2420
5904,8619,4849,4463,4396,4247,2440
5139,7742,4864,5102,3976,4385,2460
5348,6953,5452,5563,4538,4180,2480
5387,6182,5960,6055,4355,4637,2500
5217,5580,6459,6509,4378,4247,2520
5296,5736,7185,7310,4643,5022,2540
5596,5814,8561,8630,4346,5012,2560
5485,6029,10029,9915,4703,5294,2580
5623,6047,10660,10673,4643,5346,2600
5701,6927,13163,13244,5169,6234,2620
6342,7366,15203,14809,5498,6455,2640
6865,7973,17027,16377,6224,7323,2660
7048,7763,17693,17296,6457,7487,2680
8198,8393,19811,19470,6604,7975,2700
8408,8588,20279,19844,7234,8930,2720
8140,8757,20503,19723,7344,8822,2740
8466,7864,19161,18397,6754,8211,2760
8336,7975,19063,18636,7335,8648,2780
8427,7664,17485,17427,6887,8416,2800
8388,6948,15875,15768,6599,8303,2820
7237,6099,13962,14139,6142,8016,2840
7394,6317,13719,13611,6293,7626,2860
7322,5549,12182,11857,5713,6861,2880
6374,5206,10998,10733,5548,7040,2900
5773,4866,10064,9737,5027,6445,2920
5472,4298,8416,8630,4876,6095,2940
5596,4049,7390,7532,4799,5864,2960
4969,3426,6629,6620,4332,5721,2980
4864,3135,5360,5621,4328,5448,3000
4524,2982,4584,4914,4159,5674,3020
4825,2959,4274,4264,4108,5741,3040
4616,2668,3870,3965,4369,5988,3060
4629,2312,3226,3396,3976,5962,3080
4760,2445,3131,3339,4876,6368,3100
5152,2328,3053,3029,4904,7153,3120
5753,2170,2737,2915,5402,8160,3140
5976,1913,2443,2908,5854,8735,3160
7165,2092,2579,2790,6494,10193,3180
7858,1959,2506,2878,7280,11200,3200
8885,2006,2459,2945,8157,12694,3220
8970,1848,2443,2942,8217,13095,3240
11284,2045,2683,3117,9433,15744,3260
12683,2081,2869,3234,10118,16833,3280
13442,2092,2850,3537,11626,18625,3300
13533,2092,3015,3706,11845,18240,3320
15037,2102,3409,3934,12622,20227,3340
14462,2188,3214,3823,12590,19837,3360
14292,2261,3315,4052,12563,18594,3380
13043,2110,3239,3982,11187,17572,3400
12677,2362,3378,4170,11146,17331,3420
11958,2310,3422,4214,9734,16520,3440
10277,2297,3794,4056,9277,15185,3460
8846,2450,3829,4072,7851,13716,3480
8931,2536,4205,4554,7764,13875,3500
8460,2660,4697,5052,7275,14091,3520
7976,2977,5291,5449,7120,14676,3540
8460,2972,5843,6240,6828,14979,3560
8924,3358,7191,7499,7294,16679,3580
9493,3600,8245,8532,7796,18065,3600
9741,3901,9309,10282,7966,19827,3620
10277,4272,10029,10824,8002,21003,3640
11330,4347,11475,12079,8921,23103,3660
11520,4833,12239,12339,8889,24212,3680
11853,5017,12895,13348,9263,24890,3700
11703,4825,12254,12732,8966,23781,3720
11513,4747,12305,12214,9337,23652,3740
10709,4482,11774,11800,8752,23247,3760
10049,4098,10322,10259,8199,20443,3780
9127,3379,8394,8724,6919,17105,3800
8283,3101,7380,7603,6133,14948,3820
7087,2837,6042,6237,5283,12802,3840
5675,2494,5025,5038,4611,10363,3860
4707,2289,3965,4049,3811,8093,3880
4289,2240,3665,3995,3441,7641,3900
3720,2152,3542,3746,2989,6532,3920
3550,2087,3387,3457,2939,6054,3940
3217,1972,3207,3258,2893,5197,3960
3132,2253,3371,3810,2975,5484,3980
3269,2045,3592,3615,2843,5782,4000
3341,2102,3643,3574,2943,5520,4020
3132,2105,3393,3403,2728,4981,4040
3164,2097,3558,3500,2920,5674,4060
3295,2144,3387,3524,2779,5094,4080
2877,2009,2996,3298,2769,4832,4100
3060,1931,2914,2770,2427,4601,4120
2844,1819,2914,2703,2628,4098,4140
2569,1767,2579,2837,2705,3708,4160
2582,1866,2330,2514,2564,3528,4180
2511,1850,2282,2457,2427,3333,4200
2367,1775,2194,2410,2477,3004,4220
2622,1594,2267,2299,2271,3235,4240
2582,1601,2096,2134,2349,3220,4260
2550,1549,2074,2130,2715,2809,4280
2759,1570,2143,2369,2829,3045,4300
2922,1791,2178,2427,2966,3507,4320
3177,1858,2270,2231,3396,3733,4340
3119,1848,2181,2299,3702,3533,4360
3380,1996,2390,2376,4127,4031,4380
4165,1972,2361,2443,4492,4401,4400
4184,2102,2308,2484,5004,4714,4420
4465,2196,2386,2558,5246,4940,4440
4975,2279,2557,2878,5649,5330,4460
4910,2411,2566,2932,6412,5515,4480
5263,2530,2737,2760,6837,5854,4500
5126,2206,2184,2699,6448,5767,4520
5629,2505,2525,2935,7184,5946,4540
5400,2235,2882,3130,6956,6357,4560
5361,2232,2743,3083,7006,5895,4580
5263,2043,2592,3107,6064,5258,4600
4773,2048,2743,3120,5745,5104,4620
4799,2107,2923,3032,5178,4842,4640
4354,1913,2797,2979,4556,4344,4660
3707,1806,2715,2995,4163,3708,4680
3511,1806,2768,2871,3875,3728,4700
3125,1791,2753,2948,3290,3456,4720
3125,1895,2648,2844,3217,3312,4740
2949,1684,2633,2726,3121,3312,4760
3099,1840,2753,2716,3025,3286,4780
3315,1915,2484,2767,3085,3615,4800
2988,1741,2633,2763,3071,3245,4820
2968,1853,2538,2716,3213,3435,4840
2988,1970,2753,2824,3167,3559,4860
3439,1869,2484,2868,3528,3471,4880
3217,1988,2431,2719,3277,3661,4900
3249,1728,2462,2504,3469,3548,4920
3766,1775,2683,2481,3428,3595,4940
3472,1967,2645,2713,3318,3502,4960
3589,1850,2655,2831,3222,3615,4980
3197,1882,2554,2538,3071,3502,5000
3164,1793,2582,2666,3263,3574,5020
3047,1993,2731,3009,3085,3646,5040
2831,1941,2702,2817,2939,3230,5060
2837,1856,2529,2618,2582,3271,5080
3204,1967,2453,2767,2747,3209,5100
2765,2110,2450,2905,2779,3127,5120
2896,2126,2721,2841,2381,2958,5140
2563,1939,2551,2783,2445,2783,5160
2922,2107,2718,2787,2568,3081,5180
2360,2302,2844,3029,2696,3102,5200
2883,2281,2910,3036,2673,3271,5220
2805,2118,2588,2999,2641,2973,5240
2870,2450,2847,2847,2715,3163,5260
2975,2512,2929,3009,2555,3086,5280
3034,2748,2917,3120,2920,3410,5300
3001,2346,2942,3019,2664,3317,5320
2883,2660,3147,3150,3071,3471,5340
3158,2699,3103,3376,3012,3343,5360
3289,2554,3176,3376,3044,3122,5380
3177,2463,3078,3268,2852,3163,5400
3236,2479,3119,3150,2792,3286,5420
3236,2577,3236,3386,3089,3276,5440
3740,2466,3242,3123,3053,3261,5460
3465,2299,3172,3329,2811,3040,5480
3557,2206,3040,3228,3162,3271,5500
3674,2172,3053,3221,3053,3230,5520
3883,2050,3248,3383,2888,2999,5540
3753,1879,2993,3245,2769,2722,5560
4858,2011,3053,3379,2728,2989,5580
4923,1879,3236,3635,2847,2989,5600
5629,1897,3273,3379,2418,2876,5620
6106,1819,3065,3194,2276,2978,5640
7107,1954,2936,3342,2628,3035,5660
7976,2040,3270,3621,2925,3096,5680
8859,2027,3198,3362,2884,3502,5700
9545,2110,3198,3393,2783,3019,5720
11918,2206,3296,3531,3085,3312,5740
13324,2222,3277,3749,3364,3856,5760
15115,2390,3438,3749,3606,3738,5780
16122,2227,3182,3685,3501,3810,5800
19130,2515,3599,4012,3898,4365,5820
22209,2468,3911,4375,4232,4663,5840
23150,2562,3627,4069,4310,4688,5860
24242,2528,4044,4180,4538,4889,5880
26589,2756,4202,4655,5178,5068,5900
26968,3094,4735,4897,5050,5679,5920
27093,2889,4694,5365,5434,6029,5940
24948,2902,5168,5473,5804,6018,5960
24863,3234,5717,6556,6567,6260,5980
23817,3522,6695,7166,6768,6973,6000
22039,3675,7336,8014,7764,7466,6020
18580,3981,8368,9077,7700,7908,6040
18365,4236,9751,10969,9044,9069,6060
17286,4599,11519,12820,9880,10583,6080
17423,5045,13634,14923,11891,12052,6100
17750,5211,15357,16956,13646,13947,6120
19254,6135,18650,20319,15492,16129,6140
22549,6556,22308,24199,17992,18009,6160
25059,7093,26330,28140,21447,22548,6180
28099,8092,29821,31812,23974,24849,6200
33944,9097,37000,39863,28956,30225,6220
38965,10184,44254,47315,33782,34780,6240
45510,11427,52417,55557,38827,39535,6260
51119,11913,60624,62750,42574,43772,6280
60350,14316,71354,75819,50553,50745,6300
69699,15611,85079,87659,56659,59136,6320
78172,16789,97264,97695,63829,64548,6340
81206,17179,103195,103744,66777,67599,6360
91712,18912,115434,114968,75556,76000,6380
95909,19621,120478,118825,78824,77997,6400
95615,19312,119187,118283,79527,78460,6420
91039,16704,105898,104373,74148,71928,6440
92980,16953,106014,102636,75442,72549,6460
85122,15100,93059,91668,70584,66274,6480
78872,13304,78712,77040,62824,58576,6500
65666,10794,61597,60404,51029,47988,6520
56696,9242,49336,49967,44050,40834,6540
47079,7511,38881,37473,36702,32957,6560
38128,6182,27672,27649,28156,25111,6580
27321,4944,18707,19056,20963,18384,6600
22477,4368,15294,15435,16708,15421,6620
17593,3828,11683,11591,13066,11888,6640
13121,3047,9183,9309,10287,9700,6660
10598,3062,7137,7717,7883,7775,6680
9290,3236,6926,7233,7298,7369,6700
8296,3179,6490,6654,6754,6573,6720
7087,3065,6342,6815,6325,6527,6740
6884,3122,6004,6859,6115,6229,6760
6747,3075,6348,6987,6480,6558,6780
6884,3366,6692,7468,6544,6706,6800
7224,3345,7226,7805,6924,7215,6820
7590,3462,7380,7977,7074,7318,6840
8715,3608,8716,8808,8112,8350,6860
9539,3846,9173,9824,9035,8730,6880
10781,4189,10108,10821,9524,9469,6900
10421,4077,11099,11184,9606,9808,6920
11794,4526,12330,12779,11059,11482,6940
13546,4801,13801,14604,12206,12355,6960
14677,5173,15638,16031,13253,13526,6980
15312,4936,16667,17125,13907,13849,7000
16416,5284,18274,18528,14743,14871,7020
17168,5489,18700,19410,15584,15719,7040
17868,5183,19183,19231,15858,15719,7060
16822,4788,17267,16997,14921,14584,7080
18234,5292,18372,17915,15808,15097,7100
16776,5009,16408,16637,15118,14753,7120
15841,4438,14657,14910,13354,13392,7140
13409,4264,12567,12019,12412,10892,7160
12991,3870,10606,11285,10941,10578,7180
10840,3618,8956,8949,9693,9556,7200
9356,3400,6986,7418,8646,7882,7220
7656,2881,5796,5809,6946,6614,7240
6904,3060,5019,5234,6247,5572,7260
5721,2824,4082,4692,5489,5181,7280
5354,2741,4031,4184,5086,5002,7300
4753,2707,3362,3541,4323,4560,7320
4655,2710,3375,3450,4451,4247,7340
4400,2795,3242,3541,4163,4000,7360
3949,2624,2756,3211,3930,3934,7380
4184,2715,2749,3177,3862,3831,7400
4178,2767,2806,3224,3679,3790,7420
4001,2707,2787,3069,3939,3672,7440
4393,2704,2869,3426,3647,3826,7460
3883,2502,2645,2891,3679,3656,7480
4250,2707,2923,3386,3789,4072,7500
4132,2774,2753,3174,3697,3867,7520
4505,2741,2895,3436,3597,3754,7540
4008,2702,2787,3409,3514,3466,7560
4093,2748,2784,3241,3702,3620,7580
4393,2979,2920,3487,3811,3677,7600
3968,2663,2910,3413,3834,4031,7620
4393,2907,3106,3342,3757,3687,7640
4446,2930,2838,3490,3752,3661,7660
4223,3068,2993,3460,4003,3846,7680
4609,3218,3308,3652,3912,3882,7700
4295,3146,3040,3551,3459,3548,7720
5139,3247,3494,3823,4140,3687,7740
5276,3483,3507,3904,4040,4252,7760
5538,3423,3602,4170,4200,4360,7780
5851,3693,3611,3928,4163,4185,7800
6368,3859,3652,4352,4433,4478,7820
6982,3802,3943,4258,4305,4288,7840
7603,4085,3779,4288,4721,4755,7860
7898,3940,3466,4197,5141,4457,7880
8970,4417,3832,4231,5269,5294,7900
9650,4617,3785,4530,5041,5125,7920
10644,4534,4107,4385,5169,5217,7940
10624,4708,3725,4315,5438,5623,7960
12402,5110,3905,4564,5589,5721,7980
12794,5038,3971,4523,5891,5792,8000
13546,5131,3899,4439,6046,5700,8020
13422,5095,3734,4136,5772,5556,8040
13971,5048,3955,4325,6119,5515,8060
13625,4936,3564,4348,5754,5685,8080
13082,4708,3330,4086,5612,5397,8100
11618,4230,3318,3726,4940,5032,8120
11624,4215,3302,3817,5141,4693,8140
10199,3766,3333,3665,4716,4616,8160
9231,3807,3277,3467,4597,4221,8180
8473,3190,3005,3345,4003,3882,8200
7316,3081,3021,3154,4040,3908,8220
6407,3003,2961,3362,3592,3399,8240
5766,2803,2832,3016,3332,3482,8260
5701,2850,2749,3016,3103,3138,8280
5453,2733,2904,3157,3053,3004,8300
5655,2844,2970,3197,2952,2927,8320
6106,2624,2910,3096,3021,3163,8340
5982,2523,2623,2847,2609,2722,8360
7192,2549,2784,3170,2747,2891,8380
7630,2551,2740,3201,2811,2778,8400
8558,2777,2803,3167,2737,2871,8420
9186,2541,2756,3140,2737,3148,8440
10513,2575,2929,3228,2907,3086,8460
12383,2772,2999,3096,2843,3338,8480
13893,2798,2759,3228,3135,3502,8500
15030,2588,2724,3221,2934,3502,8520
17685,2761,2964,3487,3286,3636,8540
18920,2710,2958,3329,3405,3759,8560
20869,2806,3008,3406,3418,3856,8580
20738,2715,2958,3369,3491,3836,8600
22954,2966,3236,3571,3670,4355,8620
23850,2953,3040,3642,3789,4293,8640
23170,3050,3169,3453,3656,4093,8660
21960,3034,3270,3453,3656,3769,8680
21882,3075,3049,3413,3601,3923,8700
19947,3099,3232,3463,3455,3759,8720
18332,3018,2970,3207,3249,3702,8740
15495,2956,2854,3278,2980,3405,8760
13867,3151,3008,3467,3354,3317,8780
12056,3190,2955,3436,3112,3333,8800
10166,3236,2917,3443,3263,3220,8820
8290,3081,3002,3345,2916,2973,8840
7800,3164,3034,3234,2861,2835,8860
7427,3317,3204,3342,3021,3019,8880
5982,3457,3081,3282,2865,3204,8900
5590,2992,2822,3234,2609,2860,8920
5662,3306,2989,3376,2751,2891,8940
5028,3335,2873,3258,2788,3030,8960
4949,3247,2914,3194,2792,2896,8980
4400,3031,2705,3073,2545,2598,9000
4596,3226,2854,3255,2760,2906,9020
4420,3060,2705,3201,2609,2886,9040
4112,3127,2809,3147,2577,2747,9060
3812,2998,2667,2787,2518,2901,9080
3622,3099,2803,3059,2573,2814,9100
3681,3148,2986,2908,2692,2804,9120
3720,3031,2614,3012,2646,2881,9140
3249,2795,2522,2868,2628,2439,9160
3498,2946,2727,2938,2747,2732,9180
3707,3229,2601,3016,2710,2891,9200
3785,2974,2661,2844,2769,2804,9220
3642,2868,2443,2618,2619,2860,9240
3818,3060,2529,3006,2555,2865,9260
3942,2912,2481,2911,2637,2799,9280
4112,2917,2465,2898,2646,3061,9300
4093,2785,2503,2810,2673,2891,9320
4505,2979,2434,2962,2902,2835,9340
4040,3016,2576,3039,2354,2845,9360
4446,2961,2525,2969,2641,2978,9380
4563,2707,2494,2777,2468,2706,9400
5113,2764,2462,2888,2756,2871,9420
5178,2870,2478,2928,2541,2994,9440
5368,2915,2595,2894,2687,3179,9460
5060,2676,2434,2780,2381,3055,9480
6087,2647,2645,3117,2673,3148,9500
6257,2811,2472,2969,2719,3061,9520
6577,2894,2579,2938,2852,3050,9540
6126,2634,2484,2807,2628,3009,9560
6740,2780,2582,3093,2984,3153,9580
6492,2857,2547,3063,2678,3292,9600
6459,2772,2674,3056,2683,3117,9620
5936,2575,2494,2571,2477,3179,9640
5590,2803,2630,2948,2733,3225,9660
5740,2795,2484,3080,2596,2978,9680
5407,2839,2598,2894,2692,3189,9700
4688,2582,2497,2746,2445,2989,9720
4603,2889,2538,2948,2477,2999,9740
4040,2855,2614,2787,2577,3117,9760
3655,2697,2532,2928,2436,2927,9780
3177,2754,2393,2861,2545,2927,9800
3563,2816,2487,2767,2646,2809,9820
3236,2829,2431,3164,2381,2871,9840
3419,2883,2469,2763,2482,2876,9860
2922,2642,2326,2884,2340,2737,9880
2792,2902,2516,2969,2308,2948,9900
3119,3003,2465,2864,2317,2871,9920
2949,3047,2405,3026,2568,2942,9940
2746,2730,2434,2864,2294,2809,9960
3053,2904,2516,2703,2404,2886,9980
3060,2777,2497,2804,2628,2871,10000
2909,2886,2326,2767,2614,2912,10020
2798,2759,2352,2773,2308,2691,10040
2922,2756,2459,2723,2641,2578,10060
2962,2777,2494,2713,2408,2675,10080
3184,2938,2472,2814,2459,2799,10100
3014,2907,2222,2618,2450,2645,10120
2864,2769,2415,2652,2742,3081,10140
3432,3073,2592,2581,2715,3071,10160
3393,3018,2320,2783,2724,2953,10180
3458,2811,2178,2477,2893,2788,10200
3557,2941,2541,2417,2989,2973,10220
4197,2992,2229,2585,3222,2835,10240
4269,2883,2326,2676,3034,2876,10260
4420,2694,2042,2477,3121,2901,10280
4616,2951,2320,2639,3665,3189,10300
5060,2938,2333,2682,3665,3302,10320
5551,3042,2159,2733,3825,3317,10340
5773,2946,2131,2521,3802,3518,10360
6231,2860,2317,2689,4698,3790,10380
7048,2985,2207,2662,4730,3795,10400
7420,2938,2339,2682,5201,4000,10420
7911,2826,2087,2558,4821,3913,10440
8636,3130,2349,2723,5502,4365,10460
8787,3047,2244,2501,5863,4545,10480
9336,2946,2308,2656,6202,4370,10500
9088,2907,2446,2393,5790,4401,10520
9486,3075,2289,2743,6005,4781,10540
9918,2956,2374,2592,6133,4560,10560
9539,2855,2197,2528,6165,4355,10580
9140,2876,2232,2491,6078,4411,10600
8466,2977,2238,2639,5827,4488,10620
8270,2873,2304,2450,5525,4216,10640
6989,2839,2207,2487,4799,3759,10660
6270,2702,2049,2373,4172,3425,10680
5544,2886,2058,2477,4145,3338,10700
4786,2883,2279,2450,3825,3415,10720
4289,2878,2184,2430,3601,3019,10740
3615,2723,2128,2413,3021,2747,10760
3360,2933,1960,2447,2943,2696,10780
3275,2787,2055,2514,3172,2794,10800
3020,2922,2064,2497,2655,2773,10820
2452,2730,1979,2205,2367,2326,10840
2661,3008,2188,2443,2568,2455,10860
2576,2834,2254,2470,2418,2506,10880
2452,2819,2036,2443,2495,2347,10900
2105,2678,2068,2181,2436,2239,10920
2537,2839,1951,2376,2577,2218,10940
2628,2852,2099,2457,2399,2434,10960
2680,2904,1995,2231,2431,2568,10980
2537,2826,1913,2265,2280,2398,11000
2380,2990,2184,2343,2408,2378,11020
2589,3024,2093,2507,2358,2475,11040
2484,2873,2109,2645,2354,2424,11060
2184,2839,1840,2194,2139,2367,11080
2504,2834,2102,2329,2568,2198,11100
2452,2878,2143,2319,2482,2301,11120
2301,2873,1954,2363,2500,2352,11140
2439,2751,1888,2208,2303,2239,11160
2700,2909,2096,2390,2381,2326,11180
2680,2829,2172,2302,2386,2465,11200
2537,2834,2087,2258,2541,2455,11220
2216,2998,1885,2511,2344,2408,11240
2641,2896,1998,2369,2299,2295,11260
2602,2928,2147,2184,2418,2383,11280
2445,2798,1926,2470,2290,2357,11300
2504,2806,1862,2127,2175,2224,11320
2622,2886,2102,2521,2545,2224,11340
2589,2974,1903,2363,2459,2511,11360
2667,2896,1967,2410,2404,2331,11380
2327,2793,1963,2258,2376,2275,11400
2661,2863,1957,2221,2500,2111,11420
2864,3003,1926,2326,2312,2372,11440
2824,2852,2005,2211,2413,2521,11460
2197,2751,1784,2194,2267,2331,11480
3040,2860,1859,2282,2317,2331,11500
2798,2943,1922,2386,2386,2460,11520
3249,3005,1941,2336,2157,2568,11540
2589,2629,1787,2262,1942,2213,11560
2929,2909,1979,2262,2445,2331,11580
2994,2824,2197,2410,2582,2342,11600
3020,2904,2017,2194,2340,2362,11620
2929,2915,1793,2184,2395,2157,11640
2935,3047,1976,2167,2271,2506,11660
3105,3029,1831,2376,2354,2434,11680
3047,3210,2068,2326,2216,2424,11700
3086,2922,1717,2248,2244,2306,11720
3171,3088,1948,2282,2322,2485,11740
3308,3262,2169,2326,2395,2424,11760
3472,3296,2090,2518,2408,2516,11780
3158,3312,2001,2265,2207,2265,11800
3125,3434,2083,2460,2587,2891,11820
3256,3343,2080,2359,2550,2526,11840
3204,3392,2005,2487,2459,2624,11860
3217,3306,2191,2326,2600,2614,11880
3282,3413,2121,2608,2431,2655,11900
3465,3293,2361,2427,2495,2691,11920
3243,3418,2349,2538,2733,2491,11940
3086,3244,2200,2534,2577,2552,11960
3491,3221,2282,2750,2678,2958,11980
3681,3306,2667,2837,2971,3076,12000
3576,3070,2544,2767,2916,2814,12020
3341,3062,2412,2730,2829,2542,12040
3642,3140,2636,2905,2815,2819,12060
3942,3011,2522,2703,2838,2978,12080
3727,3075,2551,2965,3190,2958,12100
3812,2868,2506,2831,2925,2768,12120
3785,3016,2737,2928,3281,3081,12140
3485,2982,2497,2955,3167,2984,12160
3812,2829,2718,2905,3130,2948,12180
3511,2704,2551,2598,2875,2850,12200
3883,3114,2680,2794,3450,3055,12220
3995,2943,2617,3022,3382,2984,12240
3936,2769,2645,2901,3414,3091,12260
3655,2748,2349,2763,3396,3117,12280
4191,2915,2604,2958,3236,3071,12300
3929,2876,2560,2820,3578,3138,12320
4439,3114,2639,2888,3971,3292,12340
4197,2896,2431,2797,3629,3163,12360
4707,2855,2529,2783,4008,3307,12380
4858,2826,2576,2894,4067,3441,12400
5106,2930,2718,2857,4040,3353,12420
4956,2881,2402,2831,4159,3466,12440
5851,2969,2554,3063,4488,3964,12460
5792,3107,2671,2871,4771,3744,12480
6217,2881,2617,2834,5137,3862,12500
6819,2982,2503,2851,5201,4206,12520
6675,2935,2753,2797,5639,4257,12540
7009,3016,2607,2908,5457,4226,12560
7061,2826,2491,3029,5927,4344,12580
7152,2756,2576,2777,5808,3939,12600
7708,2863,2560,2773,5758,4355,12620
7394,2964,2431,2817,5763,4616,12640
7035,2873,2532,2908,5795,4416,12660
6747,2634,2547,2656,5365,3733,12680
6446,2863,2481,2804,5032,3815,12700
5825,2953,2415,2948,5274,4113,12720
5949,2925,2308,2837,4890,3420,12740
5230,2857,2257,2538,4127,3528,12760
5204,3029,2225,2612,3976,3179,12780
4792,2824,2396,2410,3738,3338,12800
4093,2894,2147,2649,3789,3081,12820
3655,2639,1954,2316,3327,2840,12840
3694,2832,2191,2440,3149,2942,12860
3380,2829,2027,2450,3108,2989,12880
3485,2684,1881,2299,2984,3009,12900
3092,2816,1866,2100,2865,2732,12920
2962,2891,1932,2215,2888,2752,12940
3105,3026,1878,2083,3002,2788,12960
2857,2834,1954,2009,2875,2768,12980
2707,2704,1802,2009,2536,2706,13000
2890,2878,1831,2141,2568,2783,13020
2615,2852,1777,2178,2715,2614,13040
2726,2832,1856,2040,2605,2670,13060
2589,2450,1856,1902,2705,2526,13080
2550,2767,1844,1982,2747,2326,13100
2818,2710,1840,1996,2555,2583,13120
2713,2857,1780,2009,2486,2829,13140
2864,2808,1739,1982,2705,2604,13160
2530,2938,1910,2050,2687,2506,13180
2563,2857,1724,1888,2450,2681,13200
2478,2870,1831,1992,2555,2665,13220
2530,2743,1623,1892,2637,2711,13240
2694,2865,1651,1922,2491,2814,13260
2811,2723,1717,2030,2637,2814,13280
2694,2733,1512,1918,2792,2845,13300
2680,2707,1667,1898,2705,2675,13320
2628,2795,1765,1834,2344,2624,13340
2707,2899,1774,1780,2724,2953,13360
2752,2886,1588,1824,2600,2937,13380
2726,2684,1487,1868,2619,2696,13400
2491,2686,1641,2046,2577,2855,13420
2805,2800,1660,1892,2788,2722,13440
2367,2894,1635,1908,2701,2778,13460
2184,2671,1326,1767,2367,2573,13480
2543,2902,1484,1730,2582,2568,13500
2530,2850,1604,1757,2486,2660,13520
2465,2767,1408,1817,2514,2758,13540
2308,2717,1623,1804,2226,2516,13560
2380,2562,1503,1814,2317,2501,13580
2275,2855,1474,1649,2504,2568,13600
2301,2728,1512,1582,2226,2372,13620
2295,2520,1462,1515,2312,2213,13640
2426,2645,1402,1774,2102,2383,13660
2223,2715,1408,1784,2285,2414,13680
2537,2754,1411,1777,2157,2583,13700
2373,2575,1326,1565,2057,2162,13720
2484,2710,1695,1646,2194,2224,13740
2295,2826,1439,1646,2427,2229,13760
2373,2606,1405,1696,2523,2516,13780
2288,2668,1319,1504,2226,2301,13800
2184,2668,1361,1666,2440,2485,13820
2530,2735,1376,1568,2431,2619,13840
2399,2855,1465,1649,2440,2393,13860
2491,2767,1439,1582,2285,2485,13880
2667,2780,1439,1585,2381,2485,13900
2419,2829,1345,1673,2395,2706,13920
2929,2852,1449,1558,2386,2953,13940
2720,2546,1297,1528,2331,2701,13960
2850,2842,1446,1716,2495,2624,13980
2968,2863,1433,1622,2472,2768,14000
2896,2920,1518,1720,2472,2860,14020
2870,2707,1203,1380,2386,2645,14040
3452,2943,1364,1693,2737,2922,14060
3197,3031,1301,1572,2532,2932,14080
3001,2935,1263,1582,2527,2912,14100
2785,2712,1155,1541,2303,2865,14120
3602,2943,1342,1646,2408,3148,14140
3138,2681,1395,1515,2486,2912,14160
3092,2870,1379,1605,2468,2978,14180
2805,2660,1263,1572,2472,2876,14200
3105,2660,1319,1494,2422,2989,14220
3014,2748,1237,1471,2322,2799,14240
2968,2559,1319,1632,2450,2794,14260
2818,2530,1149,1599,2130,2388,14280
2602,2658,1313,1531,2404,2763,14300
2772,2712,1307,1511,2390,2706,14320
2615,2694,1354,1545,2386,2552,14340
2465,2601,1203,1430,2038,2285,14360
2752,2772,1297,1457,2271,2526,14380
2569,2450,1405,1373,2390,2136,14400
2341,2590,1140,1528,2303,2259,14420
2733,2684,1269,1434,2088,2162,14440
2772,2533,1291,1471,2152,2362,14460
2556,2595,1218,1437,2541,2485,14480
2615,2593,1319,1626,2390,2383,14500
2406,2556,1165,1498,2098,2398,14520
2694,2691,1291,1545,2262,2378,14540
2792,2499,1168,1447,2450,2557,14560
2739,2559,1247,1441,2372,2301,14580
2752,2489,1215,1377,2358,2573,14600
2942,2502,1152,1558,2404,2480,14620
3001,2517,1266,1437,2655,2306,14640
3145,2572,1288,1377,2390,2485,14660
3105,2432,1200,1292,2335,2393,14680
3158,2650,1332,1393,2514,2352,14700
3177,2645,1323,1501,2797,2593,14720
3171,2543,1165,1501,2632,2408,14740
2707,2429,1130,1366,2285,2254,14760
3119,2590,1278,1481,2669,2526,14780
2975,2606,1215,1377,2523,2588,14800
2831,2611,1351,1414,2459,2573,14820
2883,2372,1203,1383,2495,2259,14840
2772,2533,1209,1292,2582,2424,14860
2680,2455,1253,1303,2440,2470,14880
2837,2489,1124,1481,2527,2408,14900
2530,2370,1099,1424,2372,2290,14920
2615,2479,1140,1265,2450,2419,14940
2484,2650,1177,1427,2472,2367,14960
2360,2385,1140,1303,2280,2496,14980
2373,2268,1023,1313,2171,2311,15000
2412,2486,1054,1380,2303,2439,15020
2373,2367,1114,1350,2363,2224,15040
2426,2429,1190,1299,2143,2321,15060
2327,2307,1064,1340,2276,2259,15080
2321,2424,1089,1296,2198,2188,15100
2596,2484,1140,1407,2148,2449,15120
2295,2336,1070,1356,2148,2295,15140
2426,2331,1007,1215,2006,2090,15160
2360,2359,1064,1279,2175,2213,15180
2046,2344,1146,1390,2075,2121,15200
2157,2473,1124,1410,2125,2496,15220
2020,2193,1080,1249,2125,2146,15240
1922,2432,1013,1380,2002,2167,15260
2190,2336,1083,1228,1919,2249,15280
1987,2325,1121,1181,2107,2254,15300
2020,2325,1089,1269,2057,2018,15320
2086,2349,1064,1370,1970,2049,15340
2144,2310,998,1235,2061,2188,15360
2164,2242,1020,1289,2029,2075,15380
1837,2299,985,1077,1901,1967,15400
2164,2354,1057,1343,2025,2285,15420
1831,2424,1042,1296,2230,2414,15440
2033,2403,982,1393,2111,2198,15460
2027,2107,998,1208,2057,2321,15480
1935,2473,1162,1346,2043,2347,15500
2059,2364,1076,1161,2184,2424,15520
2138,2375,972,1299,2194,2352,15540
2099,2328,1007,1107,2290,2249,15560
2066,2359,1092,1198,2308,2403,15580
2105,2450,1032,1232,2354,2629,15600
2138,2473,1007,1252,2482,2532,15620
2007,2325,912,1158,2331,2424,15640
2184,2375,1020,1185,2290,2645,15660
2242,2543,938,1208,2472,2619,15680
2229,2401,1020,1232,2340,2681,15700
2177,2473,979,1121,2395,2588,15720
2125,2403,982,1212,2532,2814,15740
2210,2505,1057,1090,2669,2537,15760
2086,2333,1010,1255,2577,2583,15780
2321,2203,821,1151,2500,2465,15800
2236,2318,919,1222,2376,2552,15820
2216,2315,1001,1077,2326,2465,15840
2236,2346,953,1225,2207,2516,15860
1883,2159,960,1195,1965,2259,15880
1765,2229,944,1161,2244,2249,15900
2053,2367,903,1030,1970,2306,15920
2014,2219,919,1077,2034,2172,15940
1772,2152,912,1107,1965,2152,15960
1994,2331,887,1027,2107,2285,15980
1824,2144,900,1064,1897,2270,16000
1726,2139,897,1084,1887,2049,16020
1667,2071,808,1040,1828,2141,16040
1968,2102,780,1080,1833,1941,16060
1831,2105,893,1080,1883,1926,16080
1968,2201,811,1067,1878,1849,16100
1661,1970,821,1053,1823,1982,16120
1824,2087,849,1006,1828,2044,16140
1961,2180,991,1027,1709,2044,16160
2007,2019,931,1087,1796,1956,16180
1752,1936,833,979,1682,1977,16200
1791,2097,953,1161,2088,1941,16220
1772,2079,1039,1047,1791,1915,16240
1837,2071,947,1087,1970,2224,16260
1628,1991,881,1027,1846,1787,16280
1987,1949,862,1121,1983,2080,16300
2001,2274,909,1134,1691,2003,16320
1733,2206,780,1134,1828,2090,16340
1922,2115,846,1097,1769,1905,16360
1837,2123,963,1047,1828,2111,16380
1909,1949,982,1050,1782,1844,16400
1863,2162,827,1020,1746,1869,16420
1687,1900,912,949,1883,1777,16440
1935,1947,783,1000,1961,2080,16460
1778,2100,840,1043,1691,1936,16480
1517,2037,887,990,1746,1972,16500
1752,1895,827,922,1554,1910,16520
1687,1910,808,1023,1910,1982,16540
1948,1889,780,959,1718,2080,16560
1752,2004,837,1040,1791,1874,16580
1602,1934,833,919,1773,1746,16600
1667,2009,881,1084,1883,2059,16620
1850,1980,792,1047,1791,2034,16640
1654,2017,919,1087,1842,1987,16660
1595,1734,862,1006,1590,1715,16680
1739,1908,919,1077,1810,1956,16700
1667,1978,805,990,1563,1905,16720
1595,2035,903,966,1828,1823,16740
1772,1845,824,993,1549,1797,16760
1693,1830,874,973,1759,1823,16780
1536,1980,811,942,1581,1915,16800
1589,1926,862,969,1586,1910,16820
1589,1799,679,838,1723,1797,16840
1759,1796,792,956,1673,1931,16860
1648,1856,770,828,1705,1756,16880
1602,1869,786,956,1741,1736,16900
1347,1749,758,865,1586,1705,16920
1785,1936,783,1060,1673,1597,16940
1399,1812,821,804,1846,1792,16960
1549,1884,773,932,1618,1828,16980
1406,1801,792,1013,1631,1869,17000
1602,1861,726,895,1668,1654,17020
1438,1905,764,942,1645,1761,17040
1419,1863,698,889,1408,1802,17060
1504,1741,789,926,1540,1766,17080
1386,1697,878,828,1636,1720,17100
1478,1796,843,895,1723,1905,17120
1654,1837,739,882,1732,1679,17140
1360,1682,799,818,1609,1828,17160
1569,1809,767,865,1609,1725,17180
1445,1822,726,895,1572,1885,17200
1576,1822,732,902,1572,1854,17220
1484,1664,710,794,1577,1864,17240
1608,1902,698,885,1554,1710,17260
1504,1819,704,912,1627,1946,17280
1308,1716,761,784,1600,1700,17300
1347,1594,647,801,1558,1689,17320
1399,1677,764,936,1622,1751,17340
1412,1721,754,855,1654,1946,17360
1497,1801,650,855,1778,1828,17380
1419,1677,783,774,1513,1607,17400
1399,1736,723,872,1654,1818,17420
1693,1726,713,872,1650,1756,17440
1360,1731,729,814,1700,1772,17460
1347,1697,694,835,1540,1756,17480
1419,1822,679,892,1631,1792,17500
1464,1791,761,774,1421,1715,17520
1425,1760,619,885,1586,1849,17540
1255,1734,682,814,1668,1751,17560
1497,1658,660,841,1727,1895,17580
1576,1721,701,764,1778,1808,17600
1327,1609,666,771,1627,1731,17620
1432,1695,666,915,1540,1844,17640
1419,1705,679,791,1568,1674,17660
1464,1747,663,872,1476,1612,17680
1288,1713,622,757,1833,1838,17700
1360,1674,657,791,1572,1674,17720
1464,1607,609,751,1645,1828,17740
1530,1604,597,852,1659,1715,17760
1517,1669,622,754,1526,1828,17780
1294,1586,710,730,1494,1530,17800
1432,1607,751,724,1558,1679,17820
1399,1731,612,777,1568,1720,17840
1399,1648,644,717,1609,1931,17860
1523,1529,622,767,1417,1643,17880
1412,1656,593,838,1526,1751,17900
1615,1586,622,801,1622,1900,17920
1589,1653,578,740,1723,1571,17940
1393,1575,603,710,1444,1700,17960
1445,1627,612,831,1485,1664,17980
1458,1617,593,761,1627,1772,18000
1484,1630,650,710,1494,1607,18020
1242,1549,612,636,1366,1628,18040
1301,1690,609,835,1435,1731,18060
1471,1630,590,811,1499,1756,18080
1438,1562,701,777,1545,1576,18100
1262,1604,543,707,1357,1510,18120
1379,1555,657,737,1426,1546,18140
1582,1482,625,777,1476,1643,18160
1373,1407,672,724,1353,1623,18180
1314,1490,597,781,1330,1458,18200
1379,1578,666,643,1476,1772,18220
1438,1531,593,784,1430,1669,18240
1425,1643,628,730,1563,1566,18260
1183,1643,603,639,1472,1561,18280
1523,1542,641,811,1563,1664,18300
1438,1570,647,724,1545,1525,18320
1393,1516,682,677,1586,1489,18340
1353,1516,559,703,1508,1438,18360
1321,1622,584,730,1549,1607,18380
1687,1573,552,700,1481,1510,18400
1497,1700,663,781,1513,1766,18420
1360,1425,562,660,1453,1515,18440
1314,1632,616,774,1631,1705,18460
1471,1677,657,764,1526,1592,18480
1484,1518,590,848,1531,1494,18500
1478,1599,625,714,1467,1664,18520
1262,1565,653,818,1622,1561,18540
1386,1643,660,680,1540,1566,18560
1321,1648,584,771,1613,1751,18580
1183,1513,622,707,1357,1659,18600
1406,1684,701,754,1526,1710,18620
1438,1609,616,784,1750,1761,18640
1523,1695,616,825,1522,1792,18660
1373,1770,676,734,1472,1551,18680
1517,1682,726,865,1609,1731,18700
1530,1710,742,825,1590,1684,18720
1451,1744,631,858,1705,1818,18740
1255,1677,625,761,1508,1725,18760
1419,1825,612,875,1504,1761,18780
1491,1913,726,771,1618,1890,18800
1569,1853,653,848,1641,1710,18820
1321,1799,698,858,1472,1772,18840
1752,1840,638,882,1746,1844,18860
1569,1869,660,909,1682,1761,18880
1543,1775,833,875,1791,1777,18900
1543,1684,710,868,1627,1823,18920
1608,1975,736,794,1631,1715,18940
1321,1895,694,878,1577,1905,18960
1641,1856,707,811,1700,1905,18980
1491,1692,568,734,1517,1844,19000
1510,1850,833,862,1686,1823,19020
1366,1713,676,875,1650,1597,19040
1491,1780,691,835,1746,1813,19060
1478,1679,631,720,1750,1741,19080
1438,1741,688,771,1440,1844,19100
1536,1832,631,828,1499,1674,19120
1530,1601,609,737,1481,1874,19140
1360,1500,625,700,1581,1664,19160
1602,1627,546,673,1526,1808,19180
1432,1581,606,680,1517,1736,19200
1536,1599,565,717,1531,1561,19220
1249,1562,606,656,1508,1582,19240
1386,1498,625,646,1577,1607,19260
1353,1500,546,653,1536,1618,19280
1366,1422,489,626,1430,1710,19300
1157,1376,515,579,1462,1428,19320
1118,1557,480,586,1467,1659,19340
1275,1459,489,586,1394,1402,19360
1360,1318,480,586,1481,1659,19380
1216,1290,442,515,1362,1448,19400
1321,1422,477,623,1275,1659,19420
1366,1280,464,582,1302,1484,19440
1183,1295,429,552,1316,1520,19460
1105,1212,448,485,1298,1392,19480
1183,1292,470,569,1270,1407,19500
1131,1222,518,629,1289,1351,19520
1000,1311,515,613,1229,1284,19540
1209,1303,445,512,1357,1279,19560
968,1337,467,495,1206,1422,19580
1138,1204,432,518,1197,1335,19600
1066,1194,404,582,1321,1428,19620
1170,1147,451,505,1193,1304,19640
1138,1199,426,454,1252,1366,19660
1229,1103,391,464,1248,1376,19680
1183,1235,382,522,1101,1315,19700
1125,1134,350,441,1248,1371,19720
1007,1077,464,488,1143,1371,19740
1170,1106,407,481,1133,1268,19760
1151,1183,414,562,1188,1448,19780
1105,1137,379,444,1074,1289,19800
1026,1134,322,532,1298,1304,19820
1203,1145,395,491,1229,1268,19840
1288,1220,410,421,1174,1402,19860
1138,1119,366,468,1174,1268,19880
1144,1189,398,448,1147,1145,19900
974,1116,417,431,1161,1438,19920
1118,1098,410,485,1220,1335,19940
1072,1152,407,431,1174,1191,19960
1262,1147,388,414,1202,1412,19980
1177,1292,385,542,1330,1464,20000
1223,1150,414,495,1211,1433,20020
1040,1051,369,481,1197,1397,20040
1059,1176,382,461,1330,1494,20060
1144,1124,372,505,1229,1499,20080
1327,1129,442,451,1197,1417,20100
1072,1168,398,485,1220,1345,20120
1314,1116,319,458,1339,1366,20140
1118,1108,328,481,1385,1309,20160
1242,1163,410,427,1069,1345,20180
1249,1093,347,397,1275,1448,20200
1098,1119,372,451,1357,1412,20220
1085,1080,451,491,1133,1253,20240
1138,1028,335,438,1138,1335,20260
1209,1010,300,431,1015,1181,20280
1131,999,297,363,1101,1325,20300
1053,973,338,434,1069,1309,20320
1196,934,357,421,1037,1243,20340
955,893,347,401,887,1022,20360
974,856,268,363,1056,1089,20380
1013,893,303,343,1056,1130,20400
974,895,303,367,946,981,20420
909,869,309,397,964,1073,20440
915,893,303,424,973,1063,20460
889,901,341,380,969,1119,20480
974,854,328,401,868,1114,20500
863,823,300,333,978,924,20520
915,898,297,370,1010,1073,20540
909,766,363,404,983,950,20560
922,849,287,363,900,1063,20580
928,753,287,374,914,1058,20600
922,895,309,337,914,1032,20620
994,815,284,326,845,1068,20640
1007,849,243,306,827,935,20660
824,823,290,390,855,883,20680
948,779,275,380,855,924,20700
739,882,290,360,791,1104,20720
765,921,294,289,900,950,20740
654,758,290,326,781,1089,20760
843,742,347,330,736,899,20780
765,838,237,347,946,1094,20800
856,846,284,330,850,1012,20820
824,789,271,323,882,1017,20840
837,792,309,343,891,924,20860
909,849,227,316,877,924,20880
856,776,303,313,777,981,20900
719,760,237,347,795,955,20920
837,709,316,333,781,986,20940
837,727,278,350,795,1001,20960
843,841,281,387,827,945,20980
739,727,297,333,791,981,21000
758,724,256,343,900,909,21020
758,823,275,333,928,1022,21040
719,825,294,350,928,1058,21060
765,792,240,347,708,924,21080
765,838,262,387,800,960,21100
798,763,253,303,836,914,21120
680,747,268,326,859,945,21140
713,722,281,249,717,888,21160
713,690,230,296,818,827,21180
667,786,227,306,882,950,21200
778,732,253,330,768,1001,21220
824,677,284,273,699,868,21240
739,776,249,269,754,945,21260
778,732,322,337,658,775,21280
706,696,249,293,717,883,21300
673,729,208,273,727,837,21320
785,727,240,289,813,894,21340
601,722,278,289,708,811,21360
719,675,234,326,845,909,21380
824,633,205,226,695,709,21400
843,651,256,320,804,945,21420
719,615,208,323,832,816,21440
843,662,205,300,772,719,21460
595,657,189,289,896,734,21480
654,675,215,296,658,935,21500
595,548,234,232,791,796,21520
693,537,196,242,704,724,21540
628,516,208,229,635,739,21560
647,581,199,249,754,745,21580
608,644,193,276,722,688,21600
680,600,196,236,731,765,21620
634,555,218,242,708,621,21640
752,540,208,212,622,673,21660
732,511,199,229,603,734,21680
706,519,199,219,786,786,21700
601,472,142,249,512,719,21720
608,535,208,202,644,796,21740
608,576,205,229,663,786,21760
693,558,170,236,667,714,21780
516,454,126,199,594,734,21800
556,449,117,195,571,724,21820
647,509,161,172,644,632,21840
412,503,167,226,672,714,21860
621,475,164,199,512,632,21880
549,470,152,219,580,662,21900
588,535,208,188,644,657,21920
641,519,205,205,548,781,21940
569,503,152,178,576,693,21960
523,485,155,155,640,626,21980
575,444,180,212,567,570,22000
569,485,202,165,603,611,22020
608,397,170,178,512,508,22040
503,444,158,192,539,637,22060
523,400,129,178,544,642,22080
464,439,180,256,617,652,22100
588,470,186,138,457,647,22120
438,441,145,188,516,580,22140
562,444,123,185,521,606,22160
569,433,139,182,430,632,22180
536,382,170,151,489,570,22200
569,353,170,131,539,560,22220
549,402,161,178,539,549,22240
536,387,142,158,521,601,22260
490,392,114,138,430,524,22280
543,397,158,199,562,483,22300
516,423,155,172,448,467,22320
628,379,126,172,452,555,22340
471,340,136,145,516,478,22360
503,415,126,165,494,565,22380
530,371,170,162,494,601,22400
510,332,107,172,402,467,22420
464,330,126,135,448,488,22440
412,366,155,151,388,616,22460
497,324,110,158,489,544,22480
445,335,98,138,480,534,22500
490,343,126,141,407,565,22520
471,361,148,158,489,580,22540
484,353,120,114,480,390,22560
445,335,117,145,475,514,22580
458,273,152,131,457,349,22600
333,327,155,151,507,478,22620
484,350,82,172,411,596,22640
497,397,133,158,297,483,22660
399,228,139,118,311,529,22680
431,337,104,121,420,488,22700
510,283,126,151,411,493,22720
490,319,98,199,439,478,22740
386,293,110,121,484,395,22760
458,278,114,121,439,472,22780
392,270,98,131,375,514,22800
347,265,126,128,393,452,22820
360,218,114,104,356,411,22840
379,249,92,108,416,508,22860
379,241,98,121,411,385,22880
445,278,129,135,315,498,22900
333,288,117,121,297,370,22920
366,208,120,128,338,380,22940
333,234,92,114,425,349,22960
255,265,107,114,334,401,22980
333,231,69,118,274,246,23000
320,218,95,67,324,416,23020
281,197,107,111,420,447,23040
327,223,79,125,297,390,23060
307,184,88,114,251,349,23080
281,215,60,118,352,421,23100
333,189,79,125,366,349,23120
347,231,63,94,251,416,23140
320,231,92,111,283,324,23160
333,184,92,91,256,354,23180
235,208,82,111,297,385,23200
320,195,101,101,283,401,23220
340,156,54,88,270,421,23240
262,182,92,74,370,313,23260
353,166,92,111,251,344,23280
327,166,73,74,324,318,23300
314,213,79,77,256,272,23320
314,200,66,128,242,303,23340
294,166,66,91,279,211,23360
275,187,60,71,270,257,23380
327,166,57,71,274,318,23400
255,184,63,81,242,313,23420
327,140,57,88,247,334,23440
242,143,54,84,178,329,23460
222,166,54,77,233,211,23480
255,156,73,77,260,293,23500
222,153,79,108,233,288,23520
275,151,85,98,233,236,23540
229,153,57,71,233,303,23560
320,132,60,81,229,267,23580
347,151,76,104,242,288,23600
229,117,76,81,229,308,23620
222,130,60,74,183,252,23640
281,119,54,71,206,288,23660
235,153,51,67,215,277,23680
222,174,54,81,229,241,23700
209,143,57,77,224,241,23720
255,130,44,91,242,221,23740
288,135,54,88,242,252,23760
294,182,63,67,274,241,23780
248,125,85,84,219,267,23800
255,197,47,88,247,303,23820
281,125,66,81,192,231,23840
203,135,38,74,178,211,23860
183,119,47,81,169,226,23880
196,138,44,81,215,236,23900
216,130,54,64,224,190,23920
209,127,51,64,155,282,23940
209,130,54,64,160,298,23960
222,101,47,88,201,185,23980
262,138,32,64,201,288,24000
209,104,76,67,210,246,24020
235,83,57,81,192,190,24040
301,127,25,64,210,211,24060
216,164,73,88,183,241,24080
163,101,44,71,210,175,24100
177,106,32,61,155,257,24120
216,122,41,50,155,200,24140
203,83,51,71,146,226,24160
248,99,69,64,151,216,24180
196,96,60,94,137,205,24200
177,130,44,64,146,175,24220
262,91,44,34,178,175,24240
262,91,60,64,174,180,24260
203,112,54,74,146,221,24280
183,99,66,101,160,195,24300
203,106,35,71,151,128,24320
248,101,47,81,165,175,24340
170,101,79,54,169,190,24360
196,73,66,64,133,241,24380
150,96,25,98,215,195,24400
216,86,51,54,169,164,24420
203,88,28,47,133,149,24440
222,96,73,71,169,216,24460
242,117,44,74,137,200,24480
163,78,57,64,183,159,24500
131,65,47,47,183,169,24520
163,99,88,84,178,154,24540
157,70,47,47,178,190,24560
190,106,51,57,169,144,24580
222,86,47,24,210,144,24600
196,67,47,61,206,175,24620
170,117,57,74,142,175,24640
144,96,79,54,146,144,24660
163,67,28,71,137,175,24680
157,99,44,81,174,185,24700
196,106,60,77,155,205,24720
170,73,54,44,165,159,24740
118,96,47,50,169,226,24760
163,80,54,61,91,190,24780
203,104,51,47,160,169,24800
177,78,51,67,174,180,24820
209,83,38,57,155,123,24840
209,91,76,50,155,190,24860
150,93,32,37,169,185,24880
137,70,51,27,128,154,24900
190,73,35,40,142,128,24920
190,88,25,67,146,164,24940
144,93,41,57,110,190,24960
216,88,38,47,137,123,24980
157,73,41,67,151,113,25000
216,70,32,37,160,190,25020
177,70,66,57,128,159,25040
157,101,38,67,119,159,25060
183,80,47,71,133,108,25080
124,73,41,44,119,123,25100
137,60,38,54,151,159,25120
222,75,47,44,123,149,25140
137,96,38,47,123,159,25160
163,44,69,37,137,164,25180
203,80,41,30,183,123,25200
157,91,41,64,155,149,25220
131,93,32,40,110,180,25240
150,65,51,57,183,144,25260
157,78,54,50,146,128,25280
183,73,32,50,101,164,25300
157,60,19,54,119,118,25320
131,67,44,44,91,159,25340
216,73,38,20,146,169,25360
183,78,25,61,119,175,25380
163,78,63,34,91,159,25400
170,83,28,47,169,123,25420
85,73,32,57,137,128,25440
111,80,28,13,123,149,25460
150,70,38,44,96,108,25480
144,75,35,44,114,159,25500
137,57,22,54,123,118,25520
124,67,35,61,96,82,25540
105,78,35,57,91,164,25560
150,93,25,40,91,128,25580
118,70,47,34,87,123,25600
124,75,35,30,169,154,25620
118,55,38,37,91,144,25640
157,75,25,27,82,134,25660
137,78,57,27,110,108,25680
144,62,35,37,137,113,25700
98,57,44,34,119,169,25720
170,78,41,47,110,98,25740
170,47,44,47,78,113,25760
163,47,28,40,119,118,25780
157,91,19,44,78,67,25800
144,86,47,34,119,128,25820
150,57,35,40,91,108,25840
183,75,38,40,146,113,25860
203,49,16,34,105,123,25880
183,47,28,34,101,118,25900
124,70,38,37,96,144,25920
118,70,28,30,119,92,25940
105,70,19,47,91,87,25960
150,57,13,24,91,92,25980
98,60,35,44,101,113,26000
105,86,32,40,110,128,26020
124,78,19,47,64,82,26040
163,62,35,30,101,118,26060
85,67,19,30,82,134,26080
124,47,38,44,133,108,26100
144,60,35,34,73,118,26120
131,75,22,47,91,149,26140
65,60,28,40,91,92,26160
170,60,28,57,142,108,26180
98,70,28,17,64,108,26200
163,60,25,20,87,92,26220
157,73,32,44,91,149,26240
92,73,32,37,73,123,26260
124,55,13,30,101,134,26280
144,67,28,64,101,134,26300
124,55,22,27,105,77,26320
137,42,28,13,69,123,26340
105,65,22,30,87,67,26360
85,47,28,27,101,103,26380
78,67,38,44,41,113,26400
105,65,35,27,69,113,26420
72,70,25,30,105,134,26440
137,65,32,30,142,128,26460
85,73,22,44,110,103,26480
124,60,25,17,78,144,26500
98,75,25,50,50,62,26520
183,57,32,34,87,103,26540
98,55,22,44,96,67,26560
137,67,16,37,96,67,26580
78,44,19,37,91,87,26600
177,75,19,27,73,123,26620
177,39,25,37,105,103,26640
98,44,44,20,73,92,26660
118,65,22,44,69,82,26680
105,65,9,40,87,108,26700
131,49,9,40,82,103,26720
111,52,13,20,91,92,26740
92,57,13,37,73,87,26760
124,36,25,24,114,98,26780
85,42,19,44,64,67,26800
98,47,22,13,87,128,26820
92,70,25,13,87,77,26840
98,52,19,27,105,98,26860
118,47,22,37,82,118,26880
124,73,38,20,69,103,26900
98,67,9,24,59,128,26920
98,52,19,24,91,98,26940
98,47,38,27,59,77,26960
111,70,32,30,110,67,26980
118,42,9,34,87,77,27000
78,62,19,37,64,103,27020
92,70,51,17,37,72,27040
111,42,41,37,87,77,27060
85,52,13,7,82,98,27080
98,65,32,24,123,98,27100
150,62,13,17,64,77,27120
85,55,13,50,82,113,27140
65,65,25,40,101,92,27160
92,42,25,34,87,51,27180
105,57,32,61,73,56,27200
118,67,3,17,55,108,27220
118,47,6,30,82,98,27240
105,57,32,7,37,92,27260
39,55,9,10,69,67,27280
98,36,16,20,69,87,27300
105,47,25,17,73,113,27320
85,34,16,37,64,82,27340
92,49,16,20,64,77,27360
118,42,16,30,46,98,27380
52,44,6,27,69,67,27400
78,44,16,34,78,51,27420
85,52,22,34,87,67,27440
92,62,9,20,82,77,27460
85,42,19,24,78,67,27480
92,39,25,17,59,77,27500
78,36,19,20,69,82,27520
72,49,35,20,59,56,27540
98,60,13,34,50,72,27560
92,65,13,20,78,82,27580
72,52,25,24,82,72,27600
65,44,38,27,69,77,27620
46,39,25,13,87,51,27640
105,73,13,17,69,67,27660
85,36,19,30,69,72,27680
72,39,16,37,78,87,27700
78,39,6,17,105,67,27720
98,44,25,27,59,67,27740
111,49,16,17,69,26,27760
65,49,28,10,50,62,27780
65,34,16,17,64,62,27800
92,49,32,24,64,46,27820
72,31,16,20,46,72,27840
92,29,9,10,55,31,27860
33,49,16,3,78,46,27880
72,65,9,7,27,77,27900
118,42,6,20,73,87,27920
46,39,16,30,55,56,27940
137,36,3,13,55,67,27960
72,26,9,13,64,51,27980
124,62,22,7,59,67,28000
105,49,13,17,64,82,28020
72,57,13,20,50,87,28040
92,36,28,37,41,62,28060
92,39,16,13,55,103,28080
65,60,13,20,64,56,28100
59,44,9,7,59,62,28120
46,36,3,27,73,82,28140
111,36,6,10,73,41,28160
92,36,16,17,55,72,28180
52,31,13,10,64,41,28200
92,42,19,27,96,51,28220
59,39,3,17,50,46,28240
59,36,19,24,41,46,28260
105,31,9,27,78,41,28280
65,47,16,24,69,77,28300
78,42,22,13,59,56,28320
52,36,9,17,23,82,28340
65,29,16,10,18,46,28360
118,62,13,27,46,26,28380
98,23,13,27,37,72,28400
13,55,13,24,41,72,28420
52,47,16,17,73,41,28440
46,44,6,20,69,92,28460
59,31,16,20,46,31,28480
39,36,9,37,50,31,28500
65,34,6,7,50,62,28520
85,23,13,13,55,56,28540
52,52,6,20,50,46,28560
78,34,16,34,50,77,28580
78,36,9,13,46,72,28600
72,52,16,20,46,36,28620
59,31,22,17,69,62,28640
59,39,9,10,50,62,28660
65,52,9,10,50,51,28680
33,49,13,10,27,62,28700
72,44,19,10,73,77,28720
85,47,13,17,69,46,28740
65,26,6,13,27,36,28760
98,73,13,30,41,67,28780
39,60,9,7,41,51,28800
111,34,9,17,46,92,28820
33,29,16,17,59,26,28840
65,52,16,20,69,72,28860
78,65,3,3,27,46,28880
46,16,25,20,55,51,28900
39,31,13,10,46,51,28920
46,31,3,20,37,15,28940
59,42,6,13,41,56,28960
33,44,3,13,64,41,28980
65,55,13,13,32,62,29000
52,55,13,17,46,46,29020
78,44,9,17,37,31,29040
26,47,6,13,55,62,29060
39,36,3,3,50,51,29080
98,31,16,13,64,46,29100
78,52,6,13,46,56,29120
85,42,16,3,32,46,29140
33,39,16,3,46,41,29160
52,36,9,3,23,46,29180
52,34,6,13,55,46,29200
59,57,6,17,32,51,29220
52,23,13,20,32,31,29240
46,34,6,13,37,41,29260
52,39,13,13,27,26,29280
39,52,0,10,50,72,29300
26,36,9,7,50,31,29320
39,23,9,10,55,36,29340
52,44,9,3,41,26,29360
72,39,16,13,32,62,29380
65,39,3,10,18,36,29400
46,62,19,7,18,56,29420
52,39,6,17,37,67,29440
59,42,3,7,37,46,29460
85,31,6,10,32,51,29480
52,31,6,10,32,51,29500
52,47,16,10,23,26,29520
52,52,9,17,55,26,29540
39,36,9,3,55,62,29560
39,31,9,13,59,21,29580
46,31,13,20,23,56,29600
39,21,13,17,41,21,29620
20,34,3,7,5,31,29640
52,39,6,24,23,36,29660
59,29,16,3,50,46,29680
65,31,3,7,37,46,29700
20,23,6,7,41,46,29720
20,39,22,3,27,41,29740
52,31,3,17,37,36,29760
52,21,3,10,14,31,29780
46,23,3,13,46,67,29800
13,29,3,10,18,46,29820
78,34,9,10,23,36,29840
52,36,3,17,27,36,29860
46,26,6,17,64,41,29880
52,34,6,10,41,15,29900
33,42,0,13,55,31,29920
39,31,3,7,32,56,29940
46,42,6,20,46,21,29960
33,31,9,20,55,26,29980
13,36,9,10,46,41,30000
46,16,6,17,37,36,30020
33,26,0,7,27,41,30040
33,39,13,0,27,67,30060
39,18,9,10,41,15,30080
52,29,3,10,59,36,30100
52,18,9,24,32,31,30120
20,21,0,13,32,26,30140
59,34,9,10,37,72,30160
59,18,3,3,41,36,30180
52,18,0,17,14,31,30200
33,31,6,7,32,15,30220
59,31,13,3,50,31,30240
39,31,19,0,46,31,30260
26,21,6,7,18,41,30280
20,31,9,7,23,67,30300
39,29,9,17,50,46,30320
13,44,3,7,32,41,30340
46,39,9,10,27,56,30360
13,31,6,3,55,36,30380
65,29,6,13,14,46,30400
33,26,0,7,50,21,30420
7,42,9,20,23,41,30440
59,42,13,13,46,21,30460
20,34,16,7,46,36,30480
46,34,3,24,41,31,30500
33,23,16,0,37,41,30520
13,21,0,3,37,36,30540
33,49,6,10,27,31,30560
46,31,3,20,32,77,30580
52,21,9,10,46,46,30600
20,29,6,7,32,62,30620
20,29,16,0,23,36,30640
39,21,19,7,37,26,30660
46,39,3,13,14,67,30680
13,29,6,10,50,56,30700
78,21,13,3,37,21,30720
26,16,3,7,59,36,30740
26,18,9,3,32,31,30760
59,39,0,7,50,21,30780
72,36,16,3,37,51,30800
26,39,6,7,14,26,30820
39,31,6,0,18,67,30840
13,26,3,13,23,51,30860
39,31,9,7,14,51,30880
20,31,9,20,27,36,30900
46,29,6,7,32,46,30920
33,16,9,17,64,15,30940
33,18,0,7,14,21,30960
20,31,6,10,32,21,30980
20,29,3,10,27,41,31000
20,36,9,7,18,15,31020
26,39,6,7,14,31,31040
13,23,6,10,41,21,31060
46,49,6,3,69,5,31080
20,18,16,7,41,31,31100
13,10,6,7,23,36,31120
33,18,0,7,27,5,31140
13,31,6,3,37,41,31160
20,21,6,17,23,51,31180
39,26,3,13,23,10,31200
26,23,3,0,27,21,31220
33,16,0,13,50,41,31240
7,36,3,7,23,15,31260
7,39,6,17,32,15,31280
20,34,0,7,14,41,31300
20,23,3,10,32,10,31320
13,47,3,3,27,15,31340
33,34,6,20,32,36,31360
13,23,0,3,27,31,31380
20,34,6,0,14,5,31400
13,36,9,10,37,36,31420
13,52,6,3,27,31,31440
39,34,0,7,18,15,31460
26,23,13,3,37,36,31480
13,18,3,0,27,46,31500
7,18,0,7,32,26,31520
39,34,3,3,27,10,31540
33,31,0,3,41,46,31560
26,29,0,0,37,26,31580
33,18,6,3,18,26,31600
20,18,0,7,14,21,31620
0,26,0,7,32,21,31640
13,23,6,10,37,31,31660
33,16,6,7,18,36,31680
26,21,6,3,37,26,31700
46,16,6,13,23,31,31720
20,23,6,3,9,10,31740
33,21,3,10,9,36,31760
20,39,6,17,23,15,31780
26,21,3,3,41,26,31800
13,34,0,7,18,10,31820
20,18,6,3,27,15,31840
26,34,3,7,32,41,31860
20,10,0,0,18,15,31880
33,10,0,0,9,10,31900
7,29,6,10,23,51,31920
20,34,0,3,37,62,31940
33,23,3,7,9,31,31960
33,36,3,10,23,26,31980
26,29,6,3,41,26,32000
13,13,9,3,37,21,32020
33,31,3,7,23,15,32040
20,18,0,7,27,31,32060
33,36,3,7,23,21,32080
13,34,6,7,14,26,32100
13,13,3,3,23,36,32120
26,34,0,7,32,10,32140
20,18,6,7,32,26,32160
20,18,3,7,9,15,32180
20,18,6,10,18,5,32200
33,18,9,7,27,10,32220
33,18,0,7,18,51,32240
33,16,3,10,27,21,32260
7,16,6,17,23,26,32280
20,26,3,7,18,31,32300
7,16,6,0,18,5,32320
20,26,3,13,27,31,32340
26,29,0,7,18,5,32360
7,23,0,0,23,15,32380
20,21,0,0,23,21,32400
7,10,3,10,5,26,32420
33,29,0,13,14,41,32440
13,26,3,0,23,41,32460
13,18,0,17,14,21,32480
13,13,6,10,9,31,32500
26,23,0,10,9,15,32520
26,8,3,13,32,21,32540
13,31,3,3,14,21,32560
13,21,3,7,23,36,32580
13,21,0,3,23,31,32600
13,23,0,3,37,26,32620
7,31,6,10,23,10,32640
20,18,6,0,9,15,32660
33,21,0,7,32,21,32680
20,26,0,3,18,36,32700
33,21,3,3,18,15,32720
7,21,9,0,23,26,32740
39,16,3,3,5,15,32760
13,5,3,3,23,15,32780
26,23,0,10,32,15,32800
0,16,0,13,14,36,32820
20,23,0,3,5,21,32840
20,18,0,0,37,26,32860
7,36,0,0,18,46,32880
20,36,0,10,9,21,32900
13,23,3,0,5,36,32920
13,8,3,0,32,15,32940
20,13,3,7,23,36,32960
33,13,3,10,18,15,32980
0,16,13,3,14,46,33000
13,16,0,3,23,26,33020
20,18,0,0,46,15,33040
13,29,0,3,55,15,33060
7,13,3,3,27,10,33080
13,13,0,7,9,36,33100
13,23,0,7,5,5,33120
26,26,3,10,9,15,33140
7,3,6,3,14,21,33160
20,18,3,3,14,21,33180
13,18,0,3,9,31,33200
7,26,0,3,14,21,33220
7,23,0,3,14,26,33240
33,18,0,0,0,36,33260
0,5,0,0,14,31,33280
26,18,3,0,27,21,33300
7,16,9,0,23,10,33320
26,16,0,13,23,36,33340
20,10,3,3,18,10,33360
7,29,0,10,18,10,33380
20,13,0,7,9,15,33400
0,13,0,7,32,21,33420
0,13,0,7,23,21,33440
26,36,3,3,18,15,33460
13,18,9,0,18,36,33480
13,18,6,3,23,26,33500
20,21,3,7,5,10,33520
33,10,0,3,32,21,33540
20,10,6,0,5,15,33560
13,31,0,3,32,5,33580
33,10,0,0,5,21,33600
20,16,0,0,14,5,33620
7,16,3,3,9,15,33640
26,21,3,3,14,15,33660
7,18,0,7,9,26,33680
0,3,3,13,18,41,33700
20,5,0,3,9,21,33720
13,16,6,3,18,15,33740
13,23,0,0,14,10,33760
7,29,0,3,23,15,33780
0,10,3,10,23,21,33800
13,31,3,0,9,15,33820
20,10,3,0,18,15,33840
20,18,0,3,18,26,33860
7,13,0,0,9,15,33880
7,21,0,3,23,21,33900
7,8,3,3,9,26,33920
20,5,3,3,27,10,33940
13,13,0,7,9,26,33960
7,13,0,3,14,10,33980
26,3,0,3,0,0,34000
26,16,3,3,14,15,34020
7,16,3,7,9,10,34040
20,18,6,3,0,10,34060
0,13,6,7,23,10,34080
39,16,3,0,14,15,34100
13,18,3,7,5,15,34120
0,31,0,0,18,15,34140
0,10,0,10,14,21,34160
26,26,3,13,14,10,34180
13,13,0,7,9,15,34200
13,5,0,0,27,10,34220
13,21,3,0,14,15,34240
26,21,6,3,14,26,34260
20,16,0,7,23,36,34280
20,21,0,0,18,15,34300
13,10,0,0,14,10,34320
7,16,3,0,0,10,34340
0,21,3,7,9,10,34360
26,16,0,3,5,5,34380
13,10,0,0,9,41,34400
39,13,0,0,18,10,34420
13,13,6,3,5,5,34440
13,13,0,3,23,21,34460
20,8,0,3,23,15,34480
20,16,0,0,18,26,34500
0,16,0,3,9,10,34520
13,21,6,7,14,10,34540
7,13,3,3,32,26,34560
0,13,0,7,9,26,34580
13,16,0,3,18,15,34600
7,0,0,7,5,10,34620
7,5,0,3,5,21,34640
13,10,3,0,9,5,34660
13,21,0,3,5,10,34680
0,21,0,0,9,0,34700
7,8,0,0,14,0,34720
13,23,0,0,14,21,34740
7,5,0,3,5,26,34760
26,29,0,0,9,15,34780
13,16,3,7,9,15,34800
7,13,0,10,18,15,34820
7,13,0,7,23,15,34840
20,16,3,3,9,15,34860
7,18,3,3,9,21,34880
13,10,0,7,32,15,34900
13,16,0,0,5,10,34920
0,5,0,0,5,10,34940
0,5,3,7,5,15,34960
13,5,3,0,14,31,34980
20,8,0,3,5,15,35000
20,21,0,10,14,21,35020
20,8,3,0,5,5,35040
0,13,6,7,5,21,35060
13,8,0,3,5,26,35080
7,0,0,0,5,10,35100
7,13,0,3,0,5,35120
26,13,0,7,5,10,35140
13,8,3,3,9,15,35160
7,5,6,0,18,10,35180
7,21,0,3,18,10,35200
0,18,0,3,14,5,35220
7,5,0,3,5,5,35240
0,10,6,3,0,21,35260
46,3,0,0,9,5,35280
13,16,0,0,9,15,35300
7,16,0,0,9,10,35320
13,3,3,3,9,5,35340
7,23,3,0,14,15,35360
7,13,3,3,0,15,35380
7,18,3,0,9,5,35400
13,3,3,3,9,21,35420
13,5,0,0,14,5,35440
13,16,0,0,5,0,35460
13,13,3,10,18,5,35480
7,5,0,3,18,0,35500
7,10,3,3,14,0,35520
0,8,0,0,0,10,35540
20,18,0,0,14,21,35560
20,16,3,3,5,15,35580
7,8,3,0,0,5,35600
13,8,0,0,14,15,35620
20,10,0,0,9,5,35640
7,8,0,0,14,15,35660
7,13,0,0,5,26,35680
20,3,3,7,5,10,35700
7,21,0,3,14,10,35720
0,10,0,7,14,15,35740
7,13,0,3,9,26,35760
13,3,3,7,18,0,35780
7,3,0,0,5,26,35800
26,8,0,0,0,0,35820
0,5,0,0,27,21,35840
0,13,0,0,14,5,35860
7,16,0,0,0,10,35880
7,5,3,7,5,5,35900
0,13,0,0,0,5,35920
7,10,0,0,9,10,35940
7,3,0,3,9,5,35960
13,13,0,3,5,5,35980
20,5,0,3,9,21,36000
7,13,6,0,0,10,36020
7,13,9,3,9,10,36040
13,10,0,0,14,5,36060
7,13,0,0,9,5,36080
0,10,0,3,9,15,36100
0,8,0,0,9,5,36120
20,8,0,3,9,15,36140
7,13,0,0,18,26,36160
13,0,6,0,18,10,36180
0,3,9,0,5,0,36200
7,13,0,0,5,15,36220
0,8,3,0,5,5,36240
20,0,3,0,5,36,36260
7,3,0,0,5,5,36280
13,8,3,3,9,5,36300
0,13,6,3,0,5,36320
7,23,0,3,5,26,36340
7,0,0,3,5,15,36360
0,8,0,0,9,10,36380
7,8,3,7,9,0,36400
13,10,0,0,9,0,36420
0,3,3,0,5,10,36440
13,5,0,7,9,0,36460
0,0,0,3,0,5,36480
7,10,0,0,5,10,36500
0,10,0,0,5,0,36520
20,8,0,0,9,15,36540
0,8,0,0,9,10,36560
7,5,0,7,14,0,36580
7,5,3,3,9,10,36600
0,16,3,0,0,5,36620
26,5,0,0,0,15,36640
0,3,0,0,0,0,36660
13,13,0,0,5,5,36680
13,3,0,3,5,10,36700
7,10,0,0,9,10,36720
0,5,3,0,14,5,36740
20,8,0,3,5,10,36760
0,3,0,3,14,10,36780
20,18,0,7,0,15,36800
7,13,3,3,14,0,36820
0,16,0,0,0,10,36840
20,8,3,3,5,0,36860
7,10,3,3,0,5,36880
0,3,0,0,5,26,36900
13,5,0,0,9,0,36920
0,5,0,3,14,15,36940
7,13,0,7,0,5,36960
0,13,0,0,5,10,36980
0,0,0,0,5,15,37000
0,10,0,3,14,21,37020
7,3,0,0,14,5,37040
7,8,0,0,0,21,37060
7,3,3,0,5,5,37080
7,3,0,0,0,5,37100
7,10,3,0,5,10,37120
7,3,3,0,18,5,37140
0,0,0,3,9,0,37160
0,5,9,0,0,5,37180
7,21,3,0,5,10,37200
0,8,0,0,5,15,37220
0,13,0,0,5,10,37240
0,10,3,0,0,15,37260
20,8,0,0,0,5,37280
7,5,3,0,5,5,37300
7,5,0,0,0,10,37320
13,5,0,0,5,5,37340
7,8,0,0,14,15,37360
7,13,0,0,5,5,37380
7,5,0,0,0,0,37400
7,13,0,0,5,5,37420
13,8,0,0,0,5,37440
0,5,0,0,0,10,37460
0,0,0,0,5,5,37480
7,10,0,0,9,0,37500
0,8,3,0,5,10,37520
0,8,0,7,0,21,37540
7,5,0,3,9,0,37560
0,0,0,0,14,0,37580
0,5,3,0,14,5,37600
0,3,3,3,9,15,37620
7,3,0,3,0,5,37640
7,8,0,0,5,5,37660
7,5,0,0,5,0,37680
0,0,0,0,5,15,37700
20,3,3,0,5,0,37720
7,13,0,3,5,10,37740
13,5,0,0,0,0,37760
0,3,0,3,0,10,37780
0,3,0,3,9,5,37800
7,3,0,0,18,10,37820
0,18,0,7,0,10,37840
7,13,0,0,14,0,37860
0,5,0,0,9,5,37880
7,5,0,3,5,5,37900
20,3,0,3,0,0,37920
0,3,0,0,14,10,37940
0,8,0,0,5,0,37960
7,10,0,0,5,15,37980
0,5,0,0,9,10,38000
0,3,3,0,5,10,38020
0,10,0,3,5,0,38040
0,3,0,0,5,5,38060
0,8,0,0,5,0,38080
0,3,0,0,5,5,38100
7,8,0,0,5,5,38120
7,10,0,0,5,10,38140
0,5,0,0,0,0,38160
0,5,0,0,5,0,38180
7,5,0,0,0,5,38200
7,5,0,3,0,5,38220
0,3,0,0,5,0,38240
0,3,0,0,9,5,38260
0,5,0,0,14,0,38280
7,8,3,0,5,5,38300
0,0,0,0,0,5,38320
7,10,0,0,0,5,38340
0,0,3,0,5,0,38360
7,13,0,0,9,5,38380
0,0,0,0,0,0,38400
13,5,0,3,18,10,38420
0,8,0,0,5,0,38440
0,5,0,0,5,0,38460
0,3,0,0,5,10,38480
7,8,0,0,9,5,38500
0,0,0,0,5,0,38520
7,0,0,0,0,5,38540
0,3,0,0,9,10,38560
7,10,3,0,5,0,38580
0,5,0,3,0,0,38600
0,8,0,0,5,5,38620
0,3,0,0,5,10,38640
0,0,0,0,5,5,38660
0,3,0,0,0,15,38680
20,5,0,0,5,0,38700
7,5,0,0,5,10,38720
7,3,0,0,9,0,38740
0,8,0,0,0,10,38760
7,3,0,0,0,5,38780
13,0,3,0,9,0,38800
0,5,0,0,0,0,38820
0,3,0,0,0,0,38840
7,8,0,0,0,0,38860
0,5,0,0,0,5,38880
0,0,0,0,5,5,38900
0,0,6,0,0,5,38920
0,5,0,0,0,5,38940
0,0,0,0,9,0,38960
0,10,3,3,0,0,38980
0,0,0,3,5,0,39000
0,13,0,0,0,0,39020
0,8,0,0,0,0,39040
0,3,0,0,0,0,39060
0,0,0,0,5,5,39080
0,3,0,0,9,0,39100
7,3,3,0,0,0,39120
0,3,0,0,5,10,39140
13,5,0,0,9,0,39160
13,8,0,0,9,0,39180
7,5,0,0,14,0,39200
0,3,0,0,0,10,39220
0,5,0,0,5,0,39240
0,5,0,0,0,10,39260
0,3,0,0,0,10,39280
7,5,0,0,5,5,39300
0,0,0,0,9,31,39320
0,0,0,3,0,0,39340
0,0,0,0,0,5,39360
0,3,0,0,0,5,39380
0,0,0,3,0,0,39400
0,8,0,0,0,0,39420
0,3,0,0,5,5,39440
13,0,0,0,5,5,39460
0,0,0,0,5,10,39480
0,0,0,0,0,0,39500
0,0,0,3,5,5,39520
0,3,0,0,0,10,39540
0,3,0,0,0,5,39560
0,3,0,0,5,5,39580
7,3,0,0,5,5,39600
0,0,0,0,9,5,39620
0,3,0,0,5,5,39640
7,5,0,0,5,0,39660
0,0,0,0,5,0,39680
7,0,3,0,5,5,39700
0,10,0,0,9,0,39720
0,0,0,0,0,5,39740
0,3,0,0,9,5,39760
7,0,0,0,5,5,39780
0,5,0,0,0,10,39800
0,0,0,0,0,0,39820
0,5,0,3,0,0,39840
0,0,0,0,5,5,39860
0,3,0,0,0,5,39880
0,0,0,0,5,0,39900
0,3,0,0,5,5,39920
0,0,0,0,0,0,39940
0,0,0,0,0,0,39960
0,0,0,0,0,0,39980
0,0,0,0,0,0,40000