2710S26G3.str,DWTR_26G5.str,2023_26G5.str,2026_26G5.str,2587S26G3.str,2711aS26G3.str
0,0,0,0,0,0
0,0,0,0,0,0
0,0,0,0,0,0
0,0,0,0,0,0
0,0,0,0,0,0
0,0,0,0,0,0
0,0,0,0,0,0
0,0,0,0,0,0
0,0,0,0,0,0
0,0,0,0,0,0
0,0,0,0,0,0
0,0,0,0,0,0
0,0,0,0,0,0
0,0,0,0,0,0
0,0,0,0,0,0
0,0,0,0,0,0
0,0,0,0,0,0
0,0,0,0,0,0
0,0,0,0,0,0
0,0,0,0,0,0
0,0,0,0,0,0
0,0,0,0,0,0
0,0,0,0,0,0
0,0,0,0,0,0
0,0,0,0,0,0
0,0,0,0,0,0
0,0,0,0,0,0
0,0,0,0,0,0
0,0,0,0,0,0
0,0,0,0,0,0
268,166,35,27,256,298
242,151,41,64,356,288
431,197,32,20,306,293
275,151,35,27,274,282
327,161,47,50,329,293
314,174,38,71,288,267
418,223,54,50,306,370
320,205,32,34,292,385
477,223,95,94,402,339
425,228,57,64,356,401
530,288,85,61,402,421
451,278,76,88,393,411
418,288,107,108,448,447
438,309,114,145,494,488
530,394,126,131,466,549
595,387,199,172,567,637
582,457,170,236,635,606
778,537,193,215,622,719
647,587,237,323,640,657
830,685,275,239,763,801
915,812,303,337,919,1063
1059,797,423,306,1060,1042
1026,978,350,444,987,1006
1040,1064,372,407,1220,1114
1196,1233,467,488,1261,1320
1138,1376,474,522,1284,1469
1497,1684,515,528,1627,1612
1360,1754,546,545,1563,1792
1602,1991,584,643,2011,2054
2007,2411,682,650,2221,2598
2236,2881,698,740,2523,2758
2321,3083,704,680,2884,3117
2870,3626,729,794,3002,3584
3086,4230,764,892,3907,4272
3694,4921,821,902,4241,4837
3982,5487,789,1003,4492,5397
4818,6327,947,1000,5525,6142
5596,7820,915,1212,6832,7518
6871,9224,1004,1269,8203,8899
7688,10280,1064,1471,9387,10270
9709,12120,1364,1733,11037,12324
11618,14163,1506,1996,13532,14907
12945,16550,1654,2127,15374,17536
14239,16909,1714,2305,16740,18158
17227,19353,1711,2504,20661,21778
18626,19930,2039,2804,22608,24700
21039,20506,2115,2891,26026,27514
24111,20298,2210,3053,27859,30215
27890,21666,2399,3369,33082,34025
32205,22084,2494,3726,37131,37913
35729,23189,2759,4288,41985,42190
41188,24718,3087,4799,47322,48419
47092,28746,3491,5648,54018,54674
51688,30900,3930,6294,61138,61395
58402,34661,4530,7260,67942,68975
61442,36179,4858,7253,73143,70767
68372,38694,5240,8623,81588,79189
71085,40129,5698,8286,84166,80996
71334,38196,5903,8852,86259,80123
66189,33859,5739,7849,79619,73894
64129,31289,5830,7896,76127,71240
58317,26613,5657,7051,68797,61447
51008,21879,5521,6287,57801,51962
39756,16774,5461,5806,44960,40264
32460,14012,5827,5712,35893,32587
25099,11617,6395,5664,27224,23755
18227,9424,7169,6253,20551,17762
12964,7682,6762,5765,13980,13084
10997,8100,8318,6903,12074,10625
9146,7770,8810,7118,8774,8761
6982,7879,9454,7711,7394,7466
6054,7747,9394,7391,6357,6142
5570,8027,9994,7536,6160,6301
5498,8214,9467,7367,5557,5833
4956,8222,8488,6758,5361,5433
4799,7700,7406,5981,5027,5017
5080,8637,6822,5456,4730,5007
5028,8982,5862,5217,4858,4853
4903,9442,5196,4746,4762,4632
4720,9543,4697,4500,4419,4324
5060,10794,4296,4046,4858,4729
5492,11827,4347,4079,4890,4473
5623,13247,4337,3945,4465,4519
5407,13613,4303,3941,4849,4391
5544,14910,4577,4072,4625,4596
6472,14754,4719,4254,4858,4498
6355,14838,4606,4012,4748,4668
5891,13366,4615,4227,4250,4355
6139,13309,4804,4473,4721,4729
6309,11643,4669,4520,4675,4765
5845,10135,5035,4618,4753,4519
5904,8619,4849,4463,4396,4247
5139,7742,4864,5102,3976,4385
5348,6953,5452,5563,4538,4180
5387,6182,5960,6055,4355,4637
5217,5580,6459,6509,4378,4247
5296,5736,7185,7310,4643,5022
5596,5814,8561,8630,4346,5012
5485,6029,10029,9915,4703,5294
5623,6047,10660,10673,4643,5346
5701,6927,13163,13244,5169,6234
6342,7366,15203,14809,5498,6455
6865,7973,17027,16377,6224,7323
7048,7763,17693,17296,6457,7487
8198,8393,19811,19470,6604,7975
8408,8588,20279,19844,7234,8930
8140,8757,20503,19723,7344,8822
8466,7864,19161,18397,6754,8211
8336,7975,19063,18636,7335,8648
8427,7664,17485,17427,6887,8416
8388,6948,15875,15768,6599,8303
7237,6099,13962,14139,6142,8016
7394,6317,13719,13611,6293,7626
7322,5549,12182,11857,5713,6861
6374,5206,10998,10733,5548,7040
5773,4866,10064,9737,5027,6445
5472,4298,8416,8630,4876,6095
5596,4049,7390,7532,4799,5864
4969,3426,6629,6620,4332,5721
4864,3135,5360,5621,4328,5448
4524,2982,4584,4914,4159,5674
4825,2959,4274,4264,4108,5741
4616,2668,3870,3965,4369,5988
4629,2312,3226,3396,3976,5962
4760,2445,3131,3339,4876,6368
5152,2328,3053,3029,4904,7153
5753,2170,2737,2915,5402,8160
5976,1913,2443,2908,5854,8735
7165,2092,2579,2790,6494,10193
7858,1959,2506,2878,7280,11200
8885,2006,2459,2945,8157,12694
8970,1848,2443,2942,8217,13095
11284,2045,2683,3117,9433,15744
12683,2081,2869,3234,10118,16833
13442,2092,2850,3537,11626,18625
13533,2092,3015,3706,11845,18240
15037,2102,3409,3934,12622,20227
14462,2188,3214,3823,12590,19837
14292,2261,3315,4052,12563,18594
13043,2110,3239,3982,11187,17572
12677,2362,3378,4170,11146,17331
11958,2310,3422,4214,9734,16520
10277,2297,3794,4056,9277,15185
8846,2450,3829,4072,7851,13716
8931,2536,4205,4554,7764,13875
8460,2660,4697,5052,7275,14091
7976,2977,5291,5449,7120,14676
8460,2972,5843,6240,6828,14979
8924,3358,7191,7499,7294,16679
9493,3600,8245,8532,7796,18065
9741,3901,9309,10282,7966,19827
10277,4272,10029,10824,8002,21003
11330,4347,11475,12079,8921,23103
11520,4833,12239,12339,8889,24212
11853,5017,12895,13348,9263,24890
11703,4825,12254,12732,8966,23781
11513,4747,12305,12214,9337,23652
10709,4482,11774,11800,8752,23247
10049,4098,10322,10259,8199,20443
9127,3379,8394,8724,6919,17105
8283,3101,7380,7603,6133,14948
7087,2837,6042,6237,5283,12802
5675,2494,5025,5038,4611,10363
4707,2289,3965,4049,3811,8093
4289,2240,3665,3995,3441,7641
3720,2152,3542,3746,2989,6532
3550,2087,3387,3457,2939,6054
3217,1972,3207,3258,2893,5197
3132,2253,3371,3810,2975,5484
3269,2045,3592,3615,2843,5782
3341,2102,3643,3574,2943,5520
3132,2105,3393,3403,2728,4981
3164,2097,3558,3500,2920,5674
3295,2144,3387,3524,2779,5094
2877,2009,2996,3298,2769,4832
3060,1931,2914,2770,2427,4601
2844,1819,2914,2703,2628,4098
2569,1767,2579,2837,2705,3708
2582,1866,2330,2514,2564,3528
2511,1850,2282,2457,2427,3333
2367,1775,2194,2410,2477,3004
2622,1594,2267,2299,2271,3235
2582,1601,2096,2134,2349,3220
2550,1549,2074,2130,2715,2809
2759,1570,2143,2369,2829,3045
2922,1791,2178,2427,2966,3507
3177,1858,2270,2231,3396,3733
3119,1848,2181,2299,3702,3533
3380,1996,2390,2376,4127,4031
4165,1972,2361,2443,4492,4401
4184,2102,2308,2484,5004,4714
4465,2196,2386,2558,5246,4940
4975,2279,2557,2878,5649,5330
4910,2411,2566,2932,6412,5515
5263,2530,2737,2760,6837,5854
5126,2206,2184,2699,6448,5767
5629,2505,2525,2935,7184,5946
5400,2235,2882,3130,6956,6357
5361,2232,2743,3083,7006,5895
5263,2043,2592,3107,6064,5258
4773,2048,2743,3120,5745,5104
4799,2107,2923,3032,5178,4842
4354,1913,2797,2979,4556,4344
3707,1806,2715,2995,4163,3708
3511,1806,2768,2871,3875,3728
3125,1791,2753,2948,3290,3456
3125,1895,2648,2844,3217,3312
2949,1684,2633,2726,3121,3312
3099,1840,2753,2716,3025,3286
3315,1915,2484,2767,3085,3615
2988,1741,2633,2763,3071,3245
2968,1853,2538,2716,3213,3435
2988,1970,2753,2824,3167,3559
3439,1869,2484,2868,3528,3471
3217,1988,2431,2719,3277,3661
3249,1728,2462,2504,3469,3548
3766,1775,2683,2481,3428,3595
3472,1967,2645,2713,3318,3502
3589,1850,2655,2831,3222,3615
3197,1882,2554,2538,3071,3502
3164,1793,2582,2666,3263,3574
3047,1993,2731,3009,3085,3646
2831,1941,2702,2817,2939,3230
2837,1856,2529,2618,2582,3271
3204,1967,2453,2767,2747,3209
2765,2110,2450,2905,2779,3127
2896,2126,2721,2841,2381,2958
2563,1939,2551,2783,2445,2783
2922,2107,2718,2787,2568,3081
2360,2302,2844,3029,2696,3102
2883,2281,2910,3036,2673,3271
2805,2118,2588,2999,2641,2973
2870,2450,2847,2847,2715,3163
2975,2512,2929,3009,2555,3086
3034,2748,2917,3120,2920,3410
3001,2346,2942,3019,2664,3317
2883,2660,3147,3150,3071,3471
3158,2699,3103,3376,3012,3343
3289,2554,3176,3376,3044,3122
3177,2463,3078,3268,2852,3163
3236,2479,3119,3150,2792,3286
3236,2577,3236,3386,3089,3276
3740,2466,3242,3123,3053,3261
3465,2299,3172,3329,2811,3040
3557,2206,3040,3228,3162,3271
3674,2172,3053,3221,3053,3230
3883,2050,3248,3383,2888,2999
3753,1879,2993,3245,2769,2722
4858,2011,3053,3379,2728,2989
4923,1879,3236,3635,2847,2989
5629,1897,3273,3379,2418,2876
6106,1819,3065,3194,2276,2978
7107,1954,2936,3342,2628,3035
7976,2040,3270,3621,2925,3096
8859,2027,3198,3362,2884,3502
9545,2110,3198,3393,2783,3019
11918,2206,3296,3531,3085,3312
13324,2222,3277,3749,3364,3856
15115,2390,3438,3749,3606,3738
16122,2227,3182,3685,3501,3810
19130,2515,3599,4012,3898,4365
22209,2468,3911,4375,4232,4663
23150,2562,3627,4069,4310,4688
24242,2528,4044,4180,4538,4889
26589,2756,4202,4655,5178,5068
26968,3094,4735,4897,5050,5679
27093,2889,4694,5365,5434,6029
24948,2902,5168,5473,5804,6018
24863,3234,5717,6556,6567,6260
23817,3522,6695,7166,6768,6973
22039,3675,7336,8014,7764,7466
18580,3981,8368,9077,7700,7908
18365,4236,9751,10969,9044,9069
17286,4599,11519,12820,9880,10583
17423,5045,13634,14923,11891,12052
17750,5211,15357,16956,13646,13947
19254,6135,18650,20319,15492,16129
22549,6556,22308,24199,17992,18009
25059,7093,26330,28140,21447,22548
28099,8092,29821,31812,23974,24849
33944,9097,37000,39863,28956,30225
38965,10184,44254,47315,33782,34780
45510,11427,52417,55557,38827,39535
51119,11913,60624,62750,42574,43772
60350,14316,71354,75819,50553,50745
69699,15611,85079,87659,56659,59136
78172,16789,97264,97695,63829,64548
81206,17179,103195,103744,66777,67599
91712,18912,115434,114968,75556,76000
95909,19621,120478,118825,78824,77997
95615,19312,119187,118283,79527,78460
91039,16704,105898,104373,74148,71928
92980,16953,106014,102636,75442,72549
85122,15100,93059,91668,70584,66274
78872,13304,78712,77040,62824,58576
65666,10794,61597,60404,51029,47988
56696,9242,49336,49967,44050,40834
47079,7511,38881,37473,36702,32957
38128,6182,27672,27649,28156,25111
27321,4944,18707,19056,20963,18384
22477,4368,15294,15435,16708,15421
17593,3828,11683,11591,13066,11888
13121,3047,9183,9309,10287,9700
10598,3062,7137,7717,7883,7775
9290,3236,6926,7233,7298,7369
8296,3179,6490,6654,6754,6573
7087,3065,6342,6815,6325,6527
6884,3122,6004,6859,6115,6229
6747,3075,6348,6987,6480,6558
6884,3366,6692,7468,6544,6706
7224,3345,7226,7805,6924,7215
7590,3462,7380,7977,7074,7318
8715,3608,8716,8808,8112,8350
9539,3846,9173,9824,9035,8730
10781,4189,10108,10821,9524,9469
10421,4077,11099,11184,9606,9808
11794,4526,12330,12779,11059,11482
13546,4801,13801,14604,12206,12355
14677,5173,15638,16031,13253,13526
15312,4936,16667,17125,13907,13849
16416,5284,18274,18528,14743,14871
17168,5489,18700,19410,15584,15719
17868,5183,19183,19231,15858,15719
16822,4788,17267,16997,14921,14584
18234,5292,18372,17915,15808,15097
16776,5009,16408,16637,15118,14753
15841,4438,14657,14910,13354,13392
13409,4264,12567,12019,12412,10892
12991,3870,10606,11285,10941,10578
10840,3618,8956,8949,9693,9556
9356,3400,6986,7418,8646,7882
7656,2881,5796,5809,6946,6614
6904,3060,5019,5234,6247,5572
5721,2824,4082,4692,5489,5181
5354,2741,4031,4184,5086,5002
4753,2707,3362,3541,4323,4560
4655,2710,3375,3450,4451,4247
4400,2795,3242,3541,4163,4000
3949,2624,2756,3211,3930,3934
4184,2715,2749,3177,3862,3831
4178,2767,2806,3224,3679,3790
4001,2707,2787,3069,3939,3672
4393,2704,2869,3426,3647,3826
3883,2502,2645,2891,3679,3656
4250,2707,2923,3386,3789,4072
4132,2774,2753,3174,3697,3867
4505,2741,2895,3436,3597,3754
4008,2702,2787,3409,3514,3466
4093,2748,2784,3241,3702,3620
4393,2979,2920,3487,3811,3677
3968,2663,2910,3413,3834,4031
4393,2907,3106,3342,3757,3687
4446,2930,2838,3490,3752,3661
4223,3068,2993,3460,4003,3846
4609,3218,3308,3652,3912,3882
4295,3146,3040,3551,3459,3548
5139,3247,3494,3823,4140,3687
5276,3483,3507,3904,4040,4252
5538,3423,3602,4170,4200,4360
5851,3693,3611,3928,4163,4185
6368,3859,3652,4352,4433,4478
6982,3802,3943,4258,4305,4288
7603,4085,3779,4288,4721,4755
7898,3940,3466,4197,5141,4457
8970,4417,3832,4231,5269,5294
9650,4617,3785,4530,5041,5125
10644,4534,4107,4385,5169,5217
10624,4708,3725,4315,5438,5623
12402,5110,3905,4564,5589,5721
12794,5038,3971,4523,5891,5792
13546,5131,3899,4439,6046,5700
13422,5095,3734,4136,5772,5556
13971,5048,3955,4325,6119,5515
13625,4936,3564,4348,5754,5685
13082,4708,3330,4086,5612,5397
11618,4230,3318,3726,4940,5032
11624,4215,3302,3817,5141,4693
10199,3766,3333,3665,4716,4616
9231,3807,3277,3467,4597,4221
8473,3190,3005,3345,4003,3882
7316,3081,3021,3154,4040,3908
6407,3003,2961,3362,3592,3399
5766,2803,2832,3016,3332,3482
5701,2850,2749,3016,3103,3138
5453,2733,2904,3157,3053,3004
5655,2844,2970,3197,2952,2927
6106,2624,2910,3096,3021,3163
5982,2523,2623,2847,2609,2722
7192,2549,2784,3170,2747,2891
7630,2551,2740,3201,2811,2778
8558,2777,2803,3167,2737,2871
9186,2541,2756,3140,2737,3148
10513,2575,2929,3228,2907,3086
12383,2772,2999,3096,2843,3338
13893,2798,2759,3228,3135,3502
15030,2588,2724,3221,2934,3502
17685,2761,2964,3487,3286,3636
18920,2710,2958,3329,3405,3759
20869,2806,3008,3406,3418,3856
20738,2715,2958,3369,3491,3836
22954,2966,3236,3571,3670,4355
23850,2953,3040,3642,3789,4293
23170,3050,3169,3453,3656,4093
21960,3034,3270,3453,3656,3769
21882,3075,3049,3413,3601,3923
19947,3099,3232,3463,3455,3759
18332,3018,2970,3207,3249,3702
15495,2956,2854,3278,2980,3405
13867,3151,3008,3467,3354,3317
12056,3190,2955,3436,3112,3333
10166,3236,2917,3443,3263,3220
8290,3081,3002,3345,2916,2973
7800,3164,3034,3234,2861,2835
7427,3317,3204,3342,3021,3019
5982,3457,3081,3282,2865,3204
5590,2992,2822,3234,2609,2860
5662,3306,2989,3376,2751,2891
5028,3335,2873,3258,2788,3030
4949,3247,2914,3194,2792,2896
4400,3031,2705,3073,2545,2598
4596,3226,2854,3255,2760,2906
4420,3060,2705,3201,2609,2886
4112,3127,2809,3147,2577,2747
3812,2998,2667,2787,2518,2901
3622,3099,2803,3059,2573,2814
3681,3148,2986,2908,2692,2804
3720,3031,2614,3012,2646,2881
3249,2795,2522,2868,2628,2439
3498,2946,2727,2938,2747,2732
3707,3229,2601,3016,2710,2891
3785,2974,2661,2844,2769,2804
3642,2868,2443,2618,2619,2860
3818,3060,2529,3006,2555,2865
3942,2912,2481,2911,2637,2799
4112,2917,2465,2898,2646,3061
4093,2785,2503,2810,2673,2891
4505,2979,2434,2962,2902,2835
4040,3016,2576,3039,2354,2845
4446,2961,2525,2969,2641,2978
4563,2707,2494,2777,2468,2706
5113,2764,2462,2888,2756,2871
5178,2870,2478,2928,2541,2994
5368,2915,2595,2894,2687,3179
5060,2676,2434,2780,2381,3055
6087,2647,2645,3117,2673,3148
6257,2811,2472,2969,2719,3061
6577,2894,2579,2938,2852,3050
6126,2634,2484,2807,2628,3009
6740,2780,2582,3093,2984,3153
6492,2857,2547,3063,2678,3292
6459,2772,2674,3056,2683,3117
5936,2575,2494,2571,2477,3179
5590,2803,2630,2948,2733,3225
5740,2795,2484,3080,2596,2978
5407,2839,2598,2894,2692,3189
4688,2582,2497,2746,2445,2989
4603,2889,2538,2948,2477,2999
4040,2855,2614,2787,2577,3117
3655,2697,2532,2928,2436,2927
3177,2754,2393,2861,2545,2927
3563,2816,2487,2767,2646,2809
3236,2829,2431,3164,2381,2871
3419,2883,2469,2763,2482,2876
2922,2642,2326,2884,2340,2737
2792,2902,2516,2969,2308,2948
3119,3003,2465,2864,2317,2871
2949,3047,2405,3026,2568,2942
2746,2730,2434,2864,2294,2809
3053,2904,2516,2703,2404,2886
3060,2777,2497,2804,2628,2871
2909,2886,2326,2767,2614,2912
2798,2759,2352,2773,2308,2691
2922,2756,2459,2723,2641,2578
2962,2777,2494,2713,2408,2675
3184,2938,2472,2814,2459,2799
3014,2907,2222,2618,2450,2645
2864,2769,2415,2652,2742,3081
3432,3073,2592,2581,2715,3071
3393,3018,2320,2783,2724,2953
3458,2811,2178,2477,2893,2788
3557,2941,2541,2417,2989,2973
4197,2992,2229,2585,3222,2835
4269,2883,2326,2676,3034,2876
4420,2694,2042,2477,3121,2901
4616,2951,2320,2639,3665,3189
5060,2938,2333,2682,3665,3302
5551,3042,2159,2733,3825,3317
5773,2946,2131,2521,3802,3518
6231,2860,2317,2689,4698,3790
7048,2985,2207,2662,4730,3795
7420,2938,2339,2682,5201,4000
7911,2826,2087,2558,4821,3913
8636,3130,2349,2723,5502,4365
8787,3047,2244,2501,5863,4545
9336,2946,2308,2656,6202,4370
9088,2907,2446,2393,5790,4401
9486,3075,2289,2743,6005,4781
9918,2956,2374,2592,6133,4560
9539,2855,2197,2528,6165,4355
9140,2876,2232,2491,6078,4411
8466,2977,2238,2639,5827,4488
8270,2873,2304,2450,5525,4216
6989,2839,2207,2487,4799,3759
6270,2702,2049,2373,4172,3425
5544,2886,2058,2477,4145,3338
4786,2883,2279,2450,3825,3415
4289,2878,2184,2430,3601,3019
3615,2723,2128,2413,3021,2747
3360,2933,1960,2447,2943,2696
3275,2787,2055,2514,3172,2794
3020,2922,2064,2497,2655,2773
2452,2730,1979,2205,2367,2326
2661,3008,2188,2443,2568,2455
2576,2834,2254,2470,2418,2506
2452,2819,2036,2443,2495,2347
2105,2678,2068,2181,2436,2239
2537,2839,1951,2376,2577,2218
2628,2852,2099,2457,2399,2434
2680,2904,1995,2231,2431,2568
2537,2826,1913,2265,2280,2398
2380,2990,2184,2343,2408,2378
2589,3024,2093,2507,2358,2475
2484,2873,2109,2645,2354,2424
2184,2839,1840,2194,2139,2367
2504,2834,2102,2329,2568,2198
2452,2878,2143,2319,2482,2301
2301,2873,1954,2363,2500,2352
2439,2751,1888,2208,2303,2239
2700,2909,2096,2390,2381,2326
2680,2829,2172,2302,2386,2465
2537,2834,2087,2258,2541,2455
2216,2998,1885,2511,2344,2408
2641,2896,1998,2369,2299,2295
2602,2928,2147,2184,2418,2383
2445,2798,1926,2470,2290,2357
2504,2806,1862,2127,2175,2224
2622,2886,2102,2521,2545,2224
2589,2974,1903,2363,2459,2511
2667,2896,1967,2410,2404,2331
2327,2793,1963,2258,2376,2275
2661,2863,1957,2221,2500,2111
2864,3003,1926,2326,2312,2372
2824,2852,2005,2211,2413,2521
2197,2751,1784,2194,2267,2331
3040,2860,1859,2282,2317,2331
2798,2943,1922,2386,2386,2460
3249,3005,1941,2336,2157,2568
2589,2629,1787,2262,1942,2213
2929,2909,1979,2262,2445,2331
2994,2824,2197,2410,2582,2342
3020,2904,2017,2194,2340,2362
2929,2915,1793,2184,2395,2157
2935,3047,1976,2167,2271,2506
3105,3029,1831,2376,2354,2434
3047,3210,2068,2326,2216,2424
3086,2922,1717,2248,2244,2306
3171,3088,1948,2282,2322,2485
3308,3262,2169,2326,2395,2424
3472,3296,2090,2518,2408,2516
3158,3312,2001,2265,2207,2265
3125,3434,2083,2460,2587,2891
3256,3343,2080,2359,2550,2526
3204,3392,2005,2487,2459,2624
3217,3306,2191,2326,2600,2614
3282,3413,2121,2608,2431,2655
3465,3293,2361,2427,2495,2691
3243,3418,2349,2538,2733,2491
3086,3244,2200,2534,2577,2552
3491,3221,2282,2750,2678,2958
3681,3306,2667,2837,2971,3076
3576,3070,2544,2767,2916,2814
3341,3062,2412,2730,2829,2542
3642,3140,2636,2905,2815,2819
3942,3011,2522,2703,2838,2978
3727,3075,2551,2965,3190,2958
3812,2868,2506,2831,2925,2768
3785,3016,2737,2928,3281,3081
3485,2982,2497,2955,3167,2984
3812,2829,2718,2905,3130,2948
3511,2704,2551,2598,2875,2850
3883,3114,2680,2794,3450,3055
3995,2943,2617,3022,3382,2984
3936,2769,2645,2901,3414,3091
3655,2748,2349,2763,3396,3117
4191,2915,2604,2958,3236,3071
3929,2876,2560,2820,3578,3138
4439,3114,2639,2888,3971,3292
4197,2896,2431,2797,3629,3163
4707,2855,2529,2783,4008,3307
4858,2826,2576,2894,4067,3441
5106,2930,2718,2857,4040,3353
4956,2881,2402,2831,4159,3466
5851,2969,2554,3063,4488,3964
5792,3107,2671,2871,4771,3744
6217,2881,2617,2834,5137,3862
6819,2982,2503,2851,5201,4206
6675,2935,2753,2797,5639,4257
7009,3016,2607,2908,5457,4226
7061,2826,2491,3029,5927,4344
7152,2756,2576,2777,5808,3939
7708,2863,2560,2773,5758,4355
7394,2964,2431,2817,5763,4616
7035,2873,2532,2908,5795,4416
6747,2634,2547,2656,5365,3733
6446,2863,2481,2804,5032,3815
5825,2953,2415,2948,5274,4113
5949,2925,2308,2837,4890,3420
5230,2857,2257,2538,4127,3528
5204,3029,2225,2612,3976,3179
4792,2824,2396,2410,3738,3338
4093,2894,2147,2649,3789,3081
3655,2639,1954,2316,3327,2840
3694,2832,2191,2440,3149,2942
3380,2829,2027,2450,3108,2989
3485,2684,1881,2299,2984,3009
3092,2816,1866,2100,2865,2732
2962,2891,1932,2215,2888,2752
3105,3026,1878,2083,3002,2788
2857,2834,1954,2009,2875,2768
2707,2704,1802,2009,2536,2706
2890,2878,1831,2141,2568,2783
2615,2852,1777,2178,2715,2614
2726,2832,1856,2040,2605,2670
2589,2450,1856,1902,2705,2526
2550,2767,1844,1982,2747,2326
2818,2710,1840,1996,2555,2583
2713,2857,1780,2009,2486,2829
2864,2808,1739,1982,2705,2604
2530,2938,1910,2050,2687,2506
2563,2857,1724,1888,2450,2681
2478,2870,1831,1992,2555,2665
2530,2743,1623,1892,2637,2711
2694,2865,1651,1922,2491,2814
2811,2723,1717,2030,2637,2814
2694,2733,1512,1918,2792,2845
2680,2707,1667,1898,2705,2675
2628,2795,1765,1834,2344,2624
2707,2899,1774,1780,2724,2953
2752,2886,1588,1824,2600,2937
2726,2684,1487,1868,2619,2696
2491,2686,1641,2046,2577,2855
2805,2800,1660,1892,2788,2722
2367,2894,1635,1908,2701,2778
2184,2671,1326,1767,2367,2573
2543,2902,1484,1730,2582,2568
2530,2850,1604,1757,2486,2660
2465,2767,1408,1817,2514,2758
2308,2717,1623,1804,2226,2516
2380,2562,1503,1814,2317,2501
2275,2855,1474,1649,2504,2568
2301,2728,1512,1582,2226,2372
2295,2520,1462,1515,2312,2213
2426,2645,1402,1774,2102,2383
2223,2715,1408,1784,2285,2414
2537,2754,1411,1777,2157,2583
2373,2575,1326,1565,2057,2162
2484,2710,1695,1646,2194,2224
2295,2826,1439,1646,2427,2229
2373,2606,1405,1696,2523,2516
2288,2668,1319,1504,2226,2301
2184,2668,1361,1666,2440,2485
2530,2735,1376,1568,2431,2619
2399,2855,1465,1649,2440,2393
2491,2767,1439,1582,2285,2485
2667,2780,1439,1585,2381,2485
2419,2829,1345,1673,2395,2706
2929,2852,1449,1558,2386,2953
2720,2546,1297,1528,2331,2701
2850,2842,1446,1716,2495,2624
2968,2863,1433,1622,2472,2768
2896,2920,1518,1720,2472,2860
2870,2707,1203,1380,2386,2645
3452,2943,1364,1693,2737,2922
3197,3031,1301,1572,2532,2932
3001,2935,1263,1582,2527,2912
2785,2712,1155,1541,2303,2865
3602,2943,1342,1646,2408,3148
3138,2681,1395,1515,2486,2912
3092,2870,1379,1605,2468,2978
2805,2660,1263,1572,2472,2876
3105,2660,1319,1494,2422,2989
3014,2748,1237,1471,2322,2799
2968,2559,1319,1632,2450,2794
2818,2530,1149,1599,2130,2388
2602,2658,1313,1531,2404,2763
2772,2712,1307,1511,2390,2706
2615,2694,1354,1545,2386,2552
2465,2601,1203,1430,2038,2285
2752,2772,1297,1457,2271,2526
2569,2450,1405,1373,2390,2136
2341,2590,1140,1528,2303,2259
2733,2684,1269,1434,2088,2162
2772,2533,1291,1471,2152,2362
2556,2595,1218,1437,2541,2485
2615,2593,1319,1626,2390,2383
2406,2556,1165,1498,2098,2398
2694,2691,1291,1545,2262,2378
2792,2499,1168,1447,2450,2557
2739,2559,1247,1441,2372,2301
2752,2489,1215,1377,2358,2573
2942,2502,1152,1558,2404,2480
3001,2517,1266,1437,2655,2306
3145,2572,1288,1377,2390,2485
3105,2432,1200,1292,2335,2393
3158,2650,1332,1393,2514,2352
3177,2645,1323,1501,2797,2593
3171,2543,1165,1501,2632,2408
2707,2429,1130,1366,2285,2254
3119,2590,1278,1481,2669,2526
2975,2606,1215,1377,2523,2588
2831,2611,1351,1414,2459,2573
2883,2372,1203,1383,2495,2259
2772,2533,1209,1292,2582,2424
2680,2455,1253,1303,2440,2470
2837,2489,1124,1481,2527,2408
2530,2370,1099,1424,2372,2290
2615,2479,1140,1265,2450,2419
2484,2650,1177,1427,2472,2367
2360,2385,1140,1303,2280,2496
2373,2268,1023,1313,2171,2311
2412,2486,1054,1380,2303,2439
2373,2367,1114,1350,2363,2224
2426,2429,1190,1299,2143,2321
2327,2307,1064,1340,2276,2259
2321,2424,1089,1296,2198,2188
2596,2484,1140,1407,2148,2449
2295,2336,1070,1356,2148,2295
2426,2331,1007,1215,2006,2090
2360,2359,1064,1279,2175,2213
2046,2344,1146,1390,2075,2121
2157,2473,1124,1410,2125,2496
2020,2193,1080,1249,2125,2146
1922,2432,1013,1380,2002,2167
2190,2336,1083,1228,1919,2249
1987,2325,1121,1181,2107,2254
2020,2325,1089,1269,2057,2018
2086,2349,1064,1370,1970,2049
2144,2310,998,1235,2061,2188
2164,2242,1020,1289,2029,2075
1837,2299,985,1077,1901,1967
2164,2354,1057,1343,2025,2285
1831,2424,1042,1296,2230,2414
2033,2403,982,1393,2111,2198
2027,2107,998,1208,2057,2321
1935,2473,1162,1346,2043,2347
2059,2364,1076,1161,2184,2424
2138,2375,972,1299,2194,2352
2099,2328,1007,1107,2290,2249
2066,2359,1092,1198,2308,2403
2105,2450,1032,1232,2354,2629
2138,2473,1007,1252,2482,2532
2007,2325,912,1158,2331,2424
2184,2375,1020,1185,2290,2645
2242,2543,938,1208,2472,2619
2229,2401,1020,1232,2340,2681
2177,2473,979,1121,2395,2588
2125,2403,982,1212,2532,2814
2210,2505,1057,1090,2669,2537
2086,2333,1010,1255,2577,2583
2321,2203,821,1151,2500,2465
2236,2318,919,1222,2376,2552
2216,2315,1001,1077,2326,2465
2236,2346,953,1225,2207,2516
1883,2159,960,1195,1965,2259
1765,2229,944,1161,2244,2249
2053,2367,903,1030,1970,2306
2014,2219,919,1077,2034,2172
1772,2152,912,1107,1965,2152
1994,2331,887,1027,2107,2285
1824,2144,900,1064,1897,2270
1726,2139,897,1084,1887,2049
1667,2071,808,1040,1828,2141
1968,2102,780,1080,1833,1941
1831,2105,893,1080,1883,1926
1968,2201,811,1067,1878,1849
1661,1970,821,1053,1823,1982
1824,2087,849,1006,1828,2044
1961,2180,991,1027,1709,2044
2007,2019,931,1087,1796,1956
1752,1936,833,979,1682,1977
1791,2097,953,1161,2088,1941
1772,2079,1039,1047,1791,1915
1837,2071,947,1087,1970,2224
1628,1991,881,1027,1846,1787
1987,1949,862,1121,1983,2080
2001,2274,909,1134,1691,2003
1733,2206,780,1134,1828,2090
1922,2115,846,1097,1769,1905
1837,2123,963,1047,1828,2111
1909,1949,982,1050,1782,1844
1863,2162,827,1020,1746,1869
1687,1900,912,949,1883,1777
1935,1947,783,1000,1961,2080
1778,2100,840,1043,1691,1936
1517,2037,887,990,1746,1972
1752,1895,827,922,1554,1910
1687,1910,808,1023,1910,1982
1948,1889,780,959,1718,2080
1752,2004,837,1040,1791,1874
1602,1934,833,919,1773,1746
1667,2009,881,1084,1883,2059
1850,1980,792,1047,1791,2034
1654,2017,919,1087,1842,1987
1595,1734,862,1006,1590,1715
1739,1908,919,1077,1810,1956
1667,1978,805,990,1563,1905
1595,2035,903,966,1828,1823
1772,1845,824,993,1549,1797
1693,1830,874,973,1759,1823
1536,1980,811,942,1581,1915
1589,1926,862,969,1586,1910
1589,1799,679,838,1723,1797
1759,1796,792,956,1673,1931
1648,1856,770,828,1705,1756
1602,1869,786,956,1741,1736
1347,1749,758,865,1586,1705
1785,1936,783,1060,1673,1597
1399,1812,821,804,1846,1792
1549,1884,773,932,1618,1828
1406,1801,792,1013,1631,1869
1602,1861,726,895,1668,1654
1438,1905,764,942,1645,1761
1419,1863,698,889,1408,1802
1504,1741,789,926,1540,1766
1386,1697,878,828,1636,1720
1478,1796,843,895,1723,1905
1654,1837,739,882,1732,1679
1360,1682,799,818,1609,1828
1569,1809,767,865,1609,1725
1445,1822,726,895,1572,1885
1576,1822,732,902,1572,1854
1484,1664,710,794,1577,1864
1608,1902,698,885,1554,1710
1504,1819,704,912,1627,1946
1308,1716,761,784,1600,1700
1347,1594,647,801,1558,1689
1399,1677,764,936,1622,1751
1412,1721,754,855,1654,1946
1497,1801,650,855,1778,1828
1419,1677,783,774,1513,1607
1399,1736,723,872,1654,1818
1693,1726,713,872,1650,1756
1360,1731,729,814,1700,1772
1347,1697,694,835,1540,1756
1419,1822,679,892,1631,1792
1464,1791,761,774,1421,1715
1425,1760,619,885,1586,1849
1255,1734,682,814,1668,1751
1497,1658,660,841,1727,1895
1576,1721,701,764,1778,1808
1327,1609,666,771,1627,1731
1432,1695,666,915,1540,1844
1419,1705,679,791,1568,1674
1464,1747,663,872,1476,1612
1288,1713,622,757,1833,1838
1360,1674,657,791,1572,1674
1464,1607,609,751,1645,1828
1530,1604,597,852,1659,1715
1517,1669,622,754,1526,1828
1294,1586,710,730,1494,1530
1432,1607,751,724,1558,1679
1399,1731,612,777,1568,1720
1399,1648,644,717,1609,1931
1523,1529,622,767,1417,1643
1412,1656,593,838,1526,1751
1615,1586,622,801,1622,1900
1589,1653,578,740,1723,1571
1393,1575,603,710,1444,1700
1445,1627,612,831,1485,1664
1458,1617,593,761,1627,1772
1484,1630,650,710,1494,1607
1242,1549,612,636,1366,1628
1301,1690,609,835,1435,1731
1471,1630,590,811,1499,1756
1438,1562,701,777,1545,1576
1262,1604,543,707,1357,1510
1379,1555,657,737,1426,1546
1582,1482,625,777,1476,1643
1373,1407,672,724,1353,1623
1314,1490,597,781,1330,1458
1379,1578,666,643,1476,1772
1438,1531,593,784,1430,1669
1425,1643,628,730,1563,1566
1183,1643,603,639,1472,1561
1523,1542,641,811,1563,1664
1438,1570,647,724,1545,1525
1393,1516,682,677,1586,1489
1353,1516,559,703,1508,1438
1321,1622,584,730,1549,1607
1687,1573,552,700,1481,1510
1497,1700,663,781,1513,1766
1360,1425,562,660,1453,1515
1314,1632,616,774,1631,1705
1471,1677,657,764,1526,1592
1484,1518,590,848,1531,1494
1478,1599,625,714,1467,1664
1262,1565,653,818,1622,1561
1386,1643,660,680,1540,1566
1321,1648,584,771,1613,1751
1183,1513,622,707,1357,1659
1406,1684,701,754,1526,1710
1438,1609,616,784,1750,1761
1523,1695,616,825,1522,1792
1373,1770,676,734,1472,1551
1517,1682,726,865,1609,1731
1530,1710,742,825,1590,1684
1451,1744,631,858,1705,1818
1255,1677,625,761,1508,1725
1419,1825,612,875,1504,1761
1491,1913,726,771,1618,1890
1569,1853,653,848,1641,1710
1321,1799,698,858,1472,1772
1752,1840,638,882,1746,1844
1569,1869,660,909,1682,1761
1543,1775,833,875,1791,1777
1543,1684,710,868,1627,1823
1608,1975,736,794,1631,1715
1321,1895,694,878,1577,1905
1641,1856,707,811,1700,1905
1491,1692,568,734,1517,1844
1510,1850,833,862,1686,1823
1366,1713,676,875,1650,1597
1491,1780,691,835,1746,1813
1478,1679,631,720,1750,1741
1438,1741,688,771,1440,1844
1536,1832,631,828,1499,1674
1530,1601,609,737,1481,1874
1360,1500,625,700,1581,1664
1602,1627,546,673,1526,1808
1432,1581,606,680,1517,1736
1536,1599,565,717,1531,1561
1249,1562,606,656,1508,1582
1386,1498,625,646,1577,1607
1353,1500,546,653,1536,1618
1366,1422,489,626,1430,1710
1157,1376,515,579,1462,1428
1118,1557,480,586,1467,1659
1275,1459,489,586,1394,1402
1360,1318,480,586,1481,1659
1216,1290,442,515,1362,1448
1321,1422,477,623,1275,1659
1366,1280,464,582,1302,1484
1183,1295,429,552,1316,1520
1105,1212,448,485,1298,1392
1183,1292,470,569,1270,1407
1131,1222,518,629,1289,1351
1000,1311,515,613,1229,1284
1209,1303,445,512,1357,1279
968,1337,467,495,1206,1422
1138,1204,432,518,1197,1335
1066,1194,404,582,1321,1428
1170,1147,451,505,1193,1304
1138,1199,426,454,1252,1366
1229,1103,391,464,1248,1376
1183,1235,382,522,1101,1315
1125,1134,350,441,1248,1371
1007,1077,464,488,1143,1371
1170,1106,407,481,1133,1268
1151,1183,414,562,1188,1448
1105,1137,379,444,1074,1289
1026,1134,322,532,1298,1304
1203,1145,395,491,1229,1268
1288,1220,410,421,1174,1402
1138,1119,366,468,1174,1268
1144,1189,398,448,1147,1145
974,1116,417,431,1161,1438
1118,1098,410,485,1220,1335
1072,1152,407,431,1174,1191
1262,1147,388,414,1202,1412
1177,1292,385,542,1330,1464
1223,1150,414,495,1211,1433
1040,1051,369,481,1197,1397
1059,1176,382,461,1330,1494
1144,1124,372,505,1229,1499
1327,1129,442,451,1197,1417
1072,1168,398,485,1220,1345
1314,1116,319,458,1339,1366
1118,1108,328,481,1385,1309
1242,1163,410,427,1069,1345
1249,1093,347,397,1275,1448
1098,1119,372,451,1357,1412
1085,1080,451,491,1133,1253
1138,1028,335,438,1138,1335
1209,1010,300,431,1015,1181
1131,999,297,363,1101,1325
1053,973,338,434,1069,1309
1196,934,357,421,1037,1243
955,893,347,401,887,1022
974,856,268,363,1056,1089
1013,893,303,343,1056,1130
974,895,303,367,946,981
909,869,309,397,964,1073
915,893,303,424,973,1063
889,901,341,380,969,1119
974,854,328,401,868,1114
863,823,300,333,978,924
915,898,297,370,1010,1073
909,766,363,404,983,950
922,849,287,363,900,1063
928,753,287,374,914,1058
922,895,309,337,914,1032
994,815,284,326,845,1068
1007,849,243,306,827,935
824,823,290,390,855,883
948,779,275,380,855,924
739,882,290,360,791,1104
765,921,294,289,900,950
654,758,290,326,781,1089
843,742,347,330,736,899
765,838,237,347,946,1094
856,846,284,330,850,1012
824,789,271,323,882,1017
837,792,309,343,891,924
909,849,227,316,877,924
856,776,303,313,777,981
719,760,237,347,795,955
837,709,316,333,781,986
837,727,278,350,795,1001
843,841,281,387,827,945
739,727,297,333,791,981
758,724,256,343,900,909
758,823,275,333,928,1022
719,825,294,350,928,1058
765,792,240,347,708,924
765,838,262,387,800,960
798,763,253,303,836,914
680,747,268,326,859,945
713,722,281,249,717,888
713,690,230,296,818,827
667,786,227,306,882,950
778,732,253,330,768,1001
824,677,284,273,699,868
739,776,249,269,754,945
778,732,322,337,658,775
706,696,249,293,717,883
673,729,208,273,727,837
785,727,240,289,813,894
601,722,278,289,708,811
719,675,234,326,845,909
824,633,205,226,695,709
843,651,256,320,804,945
719,615,208,323,832,816
843,662,205,300,772,719
595,657,189,289,896,734
654,675,215,296,658,935
595,548,234,232,791,796
693,537,196,242,704,724
628,516,208,229,635,739
647,581,199,249,754,745
608,644,193,276,722,688
680,600,196,236,731,765
634,555,218,242,708,621
752,540,208,212,622,673
732,511,199,229,603,734
706,519,199,219,786,786
601,472,142,249,512,719
608,535,208,202,644,796
608,576,205,229,663,786
693,558,170,236,667,714
516,454,126,199,594,734
556,449,117,195,571,724
647,509,161,172,644,632
412,503,167,226,672,714
621,475,164,199,512,632
549,470,152,219,580,662
588,535,208,188,644,657
641,519,205,205,548,781
569,503,152,178,576,693
523,485,155,155,640,626
575,444,180,212,567,570
569,485,202,165,603,611
608,397,170,178,512,508
503,444,158,192,539,637
523,400,129,178,544,642
464,439,180,256,617,652
588,470,186,138,457,647
438,441,145,188,516,580
562,444,123,185,521,606
569,433,139,182,430,632
536,382,170,151,489,570
569,353,170,131,539,560
549,402,161,178,539,549
536,387,142,158,521,601
490,392,114,138,430,524
543,397,158,199,562,483
516,423,155,172,448,467
628,379,126,172,452,555
471,340,136,145,516,478
503,415,126,165,494,565
530,371,170,162,494,601
510,332,107,172,402,467
464,330,126,135,448,488
412,366,155,151,388,616
497,324,110,158,489,544
445,335,98,138,480,534
490,343,126,141,407,565
471,361,148,158,489,580
484,353,120,114,480,390
445,335,117,145,475,514
458,273,152,131,457,349
333,327,155,151,507,478
484,350,82,172,411,596
497,397,133,158,297,483
399,228,139,118,311,529
431,337,104,121,420,488
510,283,126,151,411,493
490,319,98,199,439,478
386,293,110,121,484,395
458,278,114,121,439,472
392,270,98,131,375,514
347,265,126,128,393,452
360,218,114,104,356,411
379,249,92,108,416,508
379,241,98,121,411,385
445,278,129,135,315,498
333,288,117,121,297,370
366,208,120,128,338,380
333,234,92,114,425,349
255,265,107,114,334,401
333,231,69,118,274,246
320,218,95,67,324,416
281,197,107,111,420,447
327,223,79,125,297,390
307,184,88,114,251,349
281,215,60,118,352,421
333,189,79,125,366,349
347,231,63,94,251,416
320,231,92,111,283,324
333,184,92,91,256,354
235,208,82,111,297,385
320,195,101,101,283,401
340,156,54,88,270,421
262,182,92,74,370,313
353,166,92,111,251,344
327,166,73,74,324,318
314,213,79,77,256,272
314,200,66,128,242,303
294,166,66,91,279,211
275,187,60,71,270,257
327,166,57,71,274,318
255,184,63,81,242,313
327,140,57,88,247,334
242,143,54,84,178,329
222,166,54,77,233,211
255,156,73,77,260,293
222,153,79,108,233,288
275,151,85,98,233,236
229,153,57,71,233,303
320,132,60,81,229,267
347,151,76,104,242,288
229,117,76,81,229,308
222,130,60,74,183,252
281,119,54,71,206,288
235,153,51,67,215,277
222,174,54,81,229,241
209,143,57,77,224,241
255,130,44,91,242,221
288,135,54,88,242,252
294,182,63,67,274,241
248,125,85,84,219,267
255,197,47,88,247,303
281,125,66,81,192,231
203,135,38,74,178,211
183,119,47,81,169,226
196,138,44,81,215,236
216,130,54,64,224,190
209,127,51,64,155,282
209,130,54,64,160,298
222,101,47,88,201,185
262,138,32,64,201,288
209,104,76,67,210,246
235,83,57,81,192,190
301,127,25,64,210,211
216,164,73,88,183,241
163,101,44,71,210,175
177,106,32,61,155,257
216,122,41,50,155,200
203,83,51,71,146,226
248,99,69,64,151,216
196,96,60,94,137,205
177,130,44,64,146,175
262,91,44,34,178,175
262,91,60,64,174,180
203,112,54,74,146,221
183,99,66,101,160,195
203,106,35,71,151,128
248,101,47,81,165,175
170,101,79,54,169,190
196,73,66,64,133,241
150,96,25,98,215,195
216,86,51,54,169,164
203,88,28,47,133,149
222,96,73,71,169,216
242,117,44,74,137,200
163,78,57,64,183,159
131,65,47,47,183,169
163,99,88,84,178,154
157,70,47,47,178,190
190,106,51,57,169,144
222,86,47,24,210,144
196,67,47,61,206,175
170,117,57,74,142,175
144,96,79,54,146,144
163,67,28,71,137,175
157,99,44,81,174,185
196,106,60,77,155,205
170,73,54,44,165,159
118,96,47,50,169,226
163,80,54,61,91,190
203,104,51,47,160,169
177,78,51,67,174,180
209,83,38,57,155,123
209,91,76,50,155,190
150,93,32,37,169,185
137,70,51,27,128,154
190,73,35,40,142,128
190,88,25,67,146,164
144,93,41,57,110,190
216,88,38,47,137,123
157,73,41,67,151,113
216,70,32,37,160,190
177,70,66,57,128,159
157,101,38,67,119,159
183,80,47,71,133,108
124,73,41,44,119,123
137,60,38,54,151,159
222,75,47,44,123,149
137,96,38,47,123,159
163,44,69,37,137,164
203,80,41,30,183,123
157,91,41,64,155,149
131,93,32,40,110,180
150,65,51,57,183,144
157,78,54,50,146,128
183,73,32,50,101,164
157,60,19,54,119,118
131,67,44,44,91,159
216,73,38,20,146,169
183,78,25,61,119,175
163,78,63,34,91,159
170,83,28,47,169,123
85,73,32,57,137,128
111,80,28,13,123,149
150,70,38,44,96,108
144,75,35,44,114,159
137,57,22,54,123,118
124,67,35,61,96,82
105,78,35,57,91,164
150,93,25,40,91,128
118,70,47,34,87,123
124,75,35,30,169,154
118,55,38,37,91,144
157,75,25,27,82,134
137,78,57,27,110,108
144,62,35,37,137,113
98,57,44,34,119,169
170,78,41,47,110,98
170,47,44,47,78,113
163,47,28,40,119,118
157,91,19,44,78,67
144,86,47,34,119,128
150,57,35,40,91,108
183,75,38,40,146,113
203,49,16,34,105,123
183,47,28,34,101,118
124,70,38,37,96,144
118,70,28,30,119,92
105,70,19,47,91,87
150,57,13,24,91,92
98,60,35,44,101,113
105,86,32,40,110,128
124,78,19,47,64,82
163,62,35,30,101,118
85,67,19,30,82,134
124,47,38,44,133,108
144,60,35,34,73,118
131,75,22,47,91,149
65,60,28,40,91,92
170,60,28,57,142,108
98,70,28,17,64,108
163,60,25,20,87,92
157,73,32,44,91,149
92,73,32,37,73,123
124,55,13,30,101,134
144,67,28,64,101,134
124,55,22,27,105,77
137,42,28,13,69,123
105,65,22,30,87,67
85,47,28,27,101,103
78,67,38,44,41,113
105,65,35,27,69,113
72,70,25,30,105,134
137,65,32,30,142,128
85,73,22,44,110,103
124,60,25,17,78,144
98,75,25,50,50,62
183,57,32,34,87,103
98,55,22,44,96,67
137,67,16,37,96,67
78,44,19,37,91,87
177,75,19,27,73,123
177,39,25,37,105,103
98,44,44,20,73,92
118,65,22,44,69,82
105,65,9,40,87,108
131,49,9,40,82,103
111,52,13,20,91,92
92,57,13,37,73,87
124,36,25,24,114,98
85,42,19,44,64,67
98,47,22,13,87,128
92,70,25,13,87,77
98,52,19,27,105,98
118,47,22,37,82,118
124,73,38,20,69,103
98,67,9,24,59,128
98,52,19,24,91,98
98,47,38,27,59,77
111,70,32,30,110,67
118,42,9,34,87,77
78,62,19,37,64,103
92,70,51,17,37,72
111,42,41,37,87,77
85,52,13,7,82,98
98,65,32,24,123,98
150,62,13,17,64,77
85,55,13,50,82,113
65,65,25,40,101,92
92,42,25,34,87,51
105,57,32,61,73,56
118,67,3,17,55,108
118,47,6,30,82,98
105,57,32,7,37,92
39,55,9,10,69,67
98,36,16,20,69,87
105,47,25,17,73,113
85,34,16,37,64,82
92,49,16,20,64,77
118,42,16,30,46,98
52,44,6,27,69,67
78,44,16,34,78,51
85,52,22,34,87,67
92,62,9,20,82,77
85,42,19,24,78,67
92,39,25,17,59,77
78,36,19,20,69,82
72,49,35,20,59,56
98,60,13,34,50,72
92,65,13,20,78,82
72,52,25,24,82,72
65,44,38,27,69,77
46,39,25,13,87,51
105,73,13,17,69,67
85,36,19,30,69,72
72,39,16,37,78,87
78,39,6,17,105,67
98,44,25,27,59,67
111,49,16,17,69,26
65,49,28,10,50,62
65,34,16,17,64,62
92,49,32,24,64,46
72,31,16,20,46,72
92,29,9,10,55,31
33,49,16,3,78,46
72,65,9,7,27,77
118,42,6,20,73,87
46,39,16,30,55,56
137,36,3,13,55,67
72,26,9,13,64,51
124,62,22,7,59,67
105,49,13,17,64,82
72,57,13,20,50,87
92,36,28,37,41,62
92,39,16,13,55,103
65,60,13,20,64,56
59,44,9,7,59,62
46,36,3,27,73,82
111,36,6,10,73,41
92,36,16,17,55,72
52,31,13,10,64,41
92,42,19,27,96,51
59,39,3,17,50,46
59,36,19,24,41,46
105,31,9,27,78,41
65,47,16,24,69,77
78,42,22,13,59,56
52,36,9,17,23,82
65,29,16,10,18,46
118,62,13,27,46,26
98,23,13,27,37,72
13,55,13,24,41,72
52,47,16,17,73,41
46,44,6,20,69,92
59,31,16,20,46,31
39,36,9,37,50,31
65,34,6,7,50,62
85,23,13,13,55,56
52,52,6,20,50,46
78,34,16,34,50,77
78,36,9,13,46,72
72,52,16,20,46,36
59,31,22,17,69,62
59,39,9,10,50,62
65,52,9,10,50,51
33,49,13,10,27,62
72,44,19,10,73,77
85,47,13,17,69,46
65,26,6,13,27,36
98,73,13,30,41,67
39,60,9,7,41,51
111,34,9,17,46,92
33,29,16,17,59,26
65,52,16,20,69,72
78,65,3,3,27,46
46,16,25,20,55,51
39,31,13,10,46,51
46,31,3,20,37,15
59,42,6,13,41,56
33,44,3,13,64,41
65,55,13,13,32,62
52,55,13,17,46,46
78,44,9,17,37,31
26,47,6,13,55,62
39,36,3,3,50,51
98,31,16,13,64,46
78,52,6,13,46,56
85,42,16,3,32,46
33,39,16,3,46,41
52,36,9,3,23,46
52,34,6,13,55,46
59,57,6,17,32,51
52,23,13,20,32,31
46,34,6,13,37,41
52,39,13,13,27,26
39,52,0,10,50,72
26,36,9,7,50,31
39,23,9,10,55,36
52,44,9,3,41,26
72,39,16,13,32,62
65,39,3,10,18,36
46,62,19,7,18,56
52,39,6,17,37,67
59,42,3,7,37,46
85,31,6,10,32,51
52,31,6,10,32,51
52,47,16,10,23,26
52,52,9,17,55,26
39,36,9,3,55,62
39,31,9,13,59,21
46,31,13,20,23,56
39,21,13,17,41,21
20,34,3,7,5,31
52,39,6,24,23,36
59,29,16,3,50,46
65,31,3,7,37,46
20,23,6,7,41,46
20,39,22,3,27,41
52,31,3,17,37,36
52,21,3,10,14,31
46,23,3,13,46,67
13,29,3,10,18,46
78,34,9,10,23,36
52,36,3,17,27,36
46,26,6,17,64,41
52,34,6,10,41,15
33,42,0,13,55,31
39,31,3,7,32,56
46,42,6,20,46,21
33,31,9,20,55,26
13,36,9,10,46,41
46,16,6,17,37,36
33,26,0,7,27,41
33,39,13,0,27,67
39,18,9,10,41,15
52,29,3,10,59,36
52,18,9,24,32,31
20,21,0,13,32,26
59,34,9,10,37,72
59,18,3,3,41,36
52,18,0,17,14,31
33,31,6,7,32,15
59,31,13,3,50,31
39,31,19,0,46,31
26,21,6,7,18,41
20,31,9,7,23,67
39,29,9,17,50,46
13,44,3,7,32,41
46,39,9,10,27,56
13,31,6,3,55,36
65,29,6,13,14,46
33,26,0,7,50,21
7,42,9,20,23,41
59,42,13,13,46,21
20,34,16,7,46,36
46,34,3,24,41,31
33,23,16,0,37,41
13,21,0,3,37,36
33,49,6,10,27,31
46,31,3,20,32,77
52,21,9,10,46,46
20,29,6,7,32,62
20,29,16,0,23,36
39,21,19,7,37,26
46,39,3,13,14,67
13,29,6,10,50,56
78,21,13,3,37,21
26,16,3,7,59,36
26,18,9,3,32,31
59,39,0,7,50,21
72,36,16,3,37,51
26,39,6,7,14,26
39,31,6,0,18,67
13,26,3,13,23,51
39,31,9,7,14,51
20,31,9,20,27,36
46,29,6,7,32,46
33,16,9,17,64,15
33,18,0,7,14,21
20,31,6,10,32,21
20,29,3,10,27,41
20,36,9,7,18,15
26,39,6,7,14,31
13,23,6,10,41,21
46,49,6,3,69,5
20,18,16,7,41,31
13,10,6,7,23,36
33,18,0,7,27,5
13,31,6,3,37,41
20,21,6,17,23,51
39,26,3,13,23,10
26,23,3,0,27,21
33,16,0,13,50,41
7,36,3,7,23,15
7,39,6,17,32,15
20,34,0,7,14,41
20,23,3,10,32,10
13,47,3,3,27,15
33,34,6,20,32,36
13,23,0,3,27,31
20,34,6,0,14,5
13,36,9,10,37,36
13,52,6,3,27,31
39,34,0,7,18,15
26,23,13,3,37,36
13,18,3,0,27,46
7,18,0,7,32,26
39,34,3,3,27,10
33,31,0,3,41,46
26,29,0,0,37,26
33,18,6,3,18,26
20,18,0,7,14,21
0,26,0,7,32,21
13,23,6,10,37,31
33,16,6,7,18,36
26,21,6,3,37,26
46,16,6,13,23,31
20,23,6,3,9,10
33,21,3,10,9,36
20,39,6,17,23,15
26,21,3,3,41,26
13,34,0,7,18,10
20,18,6,3,27,15
26,34,3,7,32,41
20,10,0,0,18,15
33,10,0,0,9,10
7,29,6,10,23,51
20,34,0,3,37,62
33,23,3,7,9,31
33,36,3,10,23,26
26,29,6,3,41,26
13,13,9,3,37,21
33,31,3,7,23,15
20,18,0,7,27,31
33,36,3,7,23,21
13,34,6,7,14,26
13,13,3,3,23,36
26,34,0,7,32,10
20,18,6,7,32,26
20,18,3,7,9,15
20,18,6,10,18,5
33,18,9,7,27,10
33,18,0,7,18,51
33,16,3,10,27,21
7,16,6,17,23,26
20,26,3,7,18,31
7,16,6,0,18,5
20,26,3,13,27,31
26,29,0,7,18,5
7,23,0,0,23,15
20,21,0,0,23,21
7,10,3,10,5,26
33,29,0,13,14,41
13,26,3,0,23,41
13,18,0,17,14,21
13,13,6,10,9,31
26,23,0,10,9,15
26,8,3,13,32,21
13,31,3,3,14,21
13,21,3,7,23,36
13,21,0,3,23,31
13,23,0,3,37,26
7,31,6,10,23,10
20,18,6,0,9,15
33,21,0,7,32,21
20,26,0,3,18,36
33,21,3,3,18,15
7,21,9,0,23,26
39,16,3,3,5,15
13,5,3,3,23,15
26,23,0,10,32,15
0,16,0,13,14,36
20,23,0,3,5,21
20,18,0,0,37,26
7,36,0,0,18,46
20,36,0,10,9,21
13,23,3,0,5,36
13,8,3,0,32,15
20,13,3,7,23,36
33,13,3,10,18,15
0,16,13,3,14,46
13,16,0,3,23,26
20,18,0,0,46,15
13,29,0,3,55,15
7,13,3,3,27,10
13,13,0,7,9,36
13,23,0,7,5,5
26,26,3,10,9,15
7,3,6,3,14,21
20,18,3,3,14,21
13,18,0,3,9,31
7,26,0,3,14,21
7,23,0,3,14,26
33,18,0,0,0,36
0,5,0,0,14,31
26,18,3,0,27,21
7,16,9,0,23,10
26,16,0,13,23,36
20,10,3,3,18,10
7,29,0,10,18,10
20,13,0,7,9,15
0,13,0,7,32,21
0,13,0,7,23,21
26,36,3,3,18,15
13,18,9,0,18,36
13,18,6,3,23,26
20,21,3,7,5,10
33,10,0,3,32,21
20,10,6,0,5,15
13,31,0,3,32,5
33,10,0,0,5,21
20,16,0,0,14,5
7,16,3,3,9,15
26,21,3,3,14,15
7,18,0,7,9,26
0,3,3,13,18,41
20,5,0,3,9,21
13,16,6,3,18,15
13,23,0,0,14,10
7,29,0,3,23,15
0,10,3,10,23,21
13,31,3,0,9,15
20,10,3,0,18,15
20,18,0,3,18,26
7,13,0,0,9,15
7,21,0,3,23,21
7,8,3,3,9,26
20,5,3,3,27,10
13,13,0,7,9,26
7,13,0,3,14,10
26,3,0,3,0,0
26,16,3,3,14,15
7,16,3,7,9,10
20,18,6,3,0,10
0,13,6,7,23,10
39,16,3,0,14,15
13,18,3,7,5,15
0,31,0,0,18,15
0,10,0,10,14,21
26,26,3,13,14,10
13,13,0,7,9,15
13,5,0,0,27,10
13,21,3,0,14,15
26,21,6,3,14,26
20,16,0,7,23,36
20,21,0,0,18,15
13,10,0,0,14,10
7,16,3,0,0,10
0,21,3,7,9,10
26,16,0,3,5,5
13,10,0,0,9,41
39,13,0,0,18,10
13,13,6,3,5,5
13,13,0,3,23,21
20,8,0,3,23,15
20,16,0,0,18,26
0,16,0,3,9,10
13,21,6,7,14,10
7,13,3,3,32,26
0,13,0,7,9,26
13,16,0,3,18,15
7,0,0,7,5,10
7,5,0,3,5,21
13,10,3,0,9,5
13,21,0,3,5,10
0,21,0,0,9,0
7,8,0,0,14,0
13,23,0,0,14,21
7,5,0,3,5,26
26,29,0,0,9,15
13,16,3,7,9,15
7,13,0,10,18,15
7,13,0,7,23,15
20,16,3,3,9,15
7,18,3,3,9,21
13,10,0,7,32,15
13,16,0,0,5,10
0,5,0,0,5,10
0,5,3,7,5,15
13,5,3,0,14,31
20,8,0,3,5,15
20,21,0,10,14,21
20,8,3,0,5,5
0,13,6,7,5,21
13,8,0,3,5,26
7,0,0,0,5,10
7,13,0,3,0,5
26,13,0,7,5,10
13,8,3,3,9,15
7,5,6,0,18,10
7,21,0,3,18,10
0,18,0,3,14,5
7,5,0,3,5,5
0,10,6,3,0,21
46,3,0,0,9,5
13,16,0,0,9,15
7,16,0,0,9,10
13,3,3,3,9,5
7,23,3,0,14,15
7,13,3,3,0,15
7,18,3,0,9,5
13,3,3,3,9,21
13,5,0,0,14,5
13,16,0,0,5,0
13,13,3,10,18,5
7,5,0,3,18,0
7,10,3,3,14,0
0,8,0,0,0,10
20,18,0,0,14,21
20,16,3,3,5,15
7,8,3,0,0,5
13,8,0,0,14,15
20,10,0,0,9,5
7,8,0,0,14,15
7,13,0,0,5,26
20,3,3,7,5,10
7,21,0,3,14,10
0,10,0,7,14,15
7,13,0,3,9,26
13,3,3,7,18,0
7,3,0,0,5,26
26,8,0,0,0,0
0,5,0,0,27,21
0,13,0,0,14,5
7,16,0,0,0,10
7,5,3,7,5,5
0,13,0,0,0,5
7,10,0,0,9,10
7,3,0,3,9,5
13,13,0,3,5,5
20,5,0,3,9,21
7,13,6,0,0,10
7,13,9,3,9,10
13,10,0,0,14,5
7,13,0,0,9,5
0,10,0,3,9,15
0,8,0,0,9,5
20,8,0,3,9,15
7,13,0,0,18,26
13,0,6,0,18,10
0,3,9,0,5,0
7,13,0,0,5,15
0,8,3,0,5,5
20,0,3,0,5,36
7,3,0,0,5,5
13,8,3,3,9,5
0,13,6,3,0,5
7,23,0,3,5,26
7,0,0,3,5,15
0,8,0,0,9,10
7,8,3,7,9,0
13,10,0,0,9,0
0,3,3,0,5,10
13,5,0,7,9,0
0,0,0,3,0,5
7,10,0,0,5,10
0,10,0,0,5,0
20,8,0,0,9,15
0,8,0,0,9,10
7,5,0,7,14,0
7,5,3,3,9,10
0,16,3,0,0,5
26,5,0,0,0,15
0,3,0,0,0,0
13,13,0,0,5,5
13,3,0,3,5,10
7,10,0,0,9,10
0,5,3,0,14,5
20,8,0,3,5,10
0,3,0,3,14,10
20,18,0,7,0,15
7,13,3,3,14,0
0,16,0,0,0,10
20,8,3,3,5,0
7,10,3,3,0,5
0,3,0,0,5,26
13,5,0,0,9,0
0,5,0,3,14,15
7,13,0,7,0,5
0,13,0,0,5,10
0,0,0,0,5,15
0,10,0,3,14,21
7,3,0,0,14,5
7,8,0,0,0,21
7,3,3,0,5,5
7,3,0,0,0,5
7,10,3,0,5,10
7,3,3,0,18,5
0,0,0,3,9,0
0,5,9,0,0,5
7,21,3,0,5,10
0,8,0,0,5,15
0,13,0,0,5,10
0,10,3,0,0,15
20,8,0,0,0,5
7,5,3,0,5,5
7,5,0,0,0,10
13,5,0,0,5,5
7,8,0,0,14,15
7,13,0,0,5,5
7,5,0,0,0,0
7,13,0,0,5,5
13,8,0,0,0,5
0,5,0,0,0,10
0,0,0,0,5,5
7,10,0,0,9,0
0,8,3,0,5,10
0,8,0,7,0,21
7,5,0,3,9,0
0,0,0,0,14,0
0,5,3,0,14,5
0,3,3,3,9,15
7,3,0,3,0,5
7,8,0,0,5,5
7,5,0,0,5,0
0,0,0,0,5,15
20,3,3,0,5,0
7,13,0,3,5,10
13,5,0,0,0,0
0,3,0,3,0,10
0,3,0,3,9,5
7,3,0,0,18,10
0,18,0,7,0,10
7,13,0,0,14,0
0,5,0,0,9,5
7,5,0,3,5,5
20,3,0,3,0,0
0,3,0,0,14,10
0,8,0,0,5,0
7,10,0,0,5,15
0,5,0,0,9,10
0,3,3,0,5,10
0,10,0,3,5,0
0,3,0,0,5,5
0,8,0,0,5,0
0,3,0,0,5,5
7,8,0,0,5,5
7,10,0,0,5,10
0,5,0,0,0,0
0,5,0,0,5,0
7,5,0,0,0,5
7,5,0,3,0,5
0,3,0,0,5,0
0,3,0,0,9,5
0,5,0,0,14,0
7,8,3,0,5,5
0,0,0,0,0,5
7,10,0,0,0,5
0,0,3,0,5,0
7,13,0,0,9,5
0,0,0,0,0,0
13,5,0,3,18,10
0,8,0,0,5,0
0,5,0,0,5,0
0,3,0,0,5,10
7,8,0,0,9,5
0,0,0,0,5,0
7,0,0,0,0,5
0,3,0,0,9,10
7,10,3,0,5,0
0,5,0,3,0,0
0,8,0,0,5,5
0,3,0,0,5,10
0,0,0,0,5,5
0,3,0,0,0,15
20,5,0,0,5,0
7,5,0,0,5,10
7,3,0,0,9,0
0,8,0,0,0,10
7,3,0,0,0,5
13,0,3,0,9,0
0,5,0,0,0,0
0,3,0,0,0,0
7,8,0,0,0,0
0,5,0,0,0,5
0,0,0,0,5,5
0,0,6,0,0,5
0,5,0,0,0,5
0,0,0,0,9,0
0,10,3,3,0,0
0,0,0,3,5,0
0,13,0,0,0,0
0,8,0,0,0,0
0,3,0,0,0,0
0,0,0,0,5,5
0,3,0,0,9,0
7,3,3,0,0,0
0,3,0,0,5,10
13,5,0,0,9,0
13,8,0,0,9,0
7,5,0,0,14,0
0,3,0,0,0,10
0,5,0,0,5,0
0,5,0,0,0,10
0,3,0,0,0,10
7,5,0,0,5,5
0,0,0,0,9,31
0,0,0,3,0,0
0,0,0,0,0,5
0,3,0,0,0,5
0,0,0,3,0,0
0,8,0,0,0,0
0,3,0,0,5,5
13,0,0,0,5,5
0,0,0,0,5,10
0,0,0,0,0,0
0,0,0,3,5,5
0,3,0,0,0,10
0,3,0,0,0,5
0,3,0,0,5,5
7,3,0,0,5,5
0,0,0,0,9,5
0,3,0,0,5,5
7,5,0,0,5,0
0,0,0,0,5,0
7,0,3,0,5,5
0,10,0,0,9,0
0,0,0,0,0,5
0,3,0,0,9,5
7,0,0,0,5,5
0,5,0,0,0,10
0,0,0,0,0,0
0,5,0,3,0,0
0,0,0,0,5,5
0,3,0,0,0,5
0,0,0,0,5,0
0,3,0,0,5,5
0,0,0,0,0,0
0,0,0,0,0,0
0,0,0,0,0,0
0,0,0,0,0,0